-- phpMyAdmin SQL Dump
-- version 5.2.1
-- https://www.phpmyadmin.net/
--
-- Host: 127.0.0.1
-- Generation Time: Mar 03, 2026 at 09:45 AM
-- Server version: 10.4.32-MariaDB
-- PHP Version: 8.2.12

SET SQL_MODE = "NO_AUTO_VALUE_ON_ZERO";
START TRANSACTION;
SET time_zone = "+00:00";


/*!40101 SET @OLD_CHARACTER_SET_CLIENT=@@CHARACTER_SET_CLIENT */;
/*!40101 SET @OLD_CHARACTER_SET_RESULTS=@@CHARACTER_SET_RESULTS */;
/*!40101 SET @OLD_COLLATION_CONNECTION=@@COLLATION_CONNECTION */;
/*!40101 SET NAMES utf8mb4 */;

--
-- Database: `ecommerce_clv_analytics`
--

-- --------------------------------------------------------

--
-- Table structure for table `acquisition_channels`
--

CREATE TABLE `acquisition_channels` (
  `acquisition_channel_id` int(11) NOT NULL,
  `channel_name` varchar(100) NOT NULL,
  `channel_type` varchar(50) DEFAULT NULL
) ENGINE=InnoDB DEFAULT CHARSET=utf8mb4 COLLATE=utf8mb4_general_ci;

--
-- Dumping data for table `acquisition_channels`
--

INSERT INTO `acquisition_channels` (`acquisition_channel_id`, `channel_name`, `channel_type`) VALUES
(1, 'Google Ads', 'Paid'),
(2, 'Facebook Ads', 'Paid'),
(3, 'Instagram Organic', 'Organic'),
(4, 'Email Marketing', 'Owned'),
(5, 'Referral', 'Organic'),
(6, 'Print Media', 'Paid');

-- --------------------------------------------------------

--
-- Table structure for table `categories`
--

CREATE TABLE `categories` (
  `category_id` int(11) NOT NULL,
  `category_name` varchar(100) NOT NULL
) ENGINE=InnoDB DEFAULT CHARSET=utf8mb4 COLLATE=utf8mb4_general_ci;

--
-- Dumping data for table `categories`
--

INSERT INTO `categories` (`category_id`, `category_name`) VALUES
(1, 'Electronics'),
(2, 'Fashion'),
(3, 'Home & Kitchen'),
(4, 'Books'),
(5, 'Beauty'),
(6, 'Sports'),
(7, 'Footwear'),
(8, 'Skincare'),
(9, 'Decorative Items'),
(10, 'Beverages');

-- --------------------------------------------------------

--
-- Stand-in structure for view `category_return_impact`
-- (See below for the actual view)
--
CREATE TABLE `category_return_impact` (
`category_name` varchar(100)
,`total_returns` bigint(21)
,`total_items` bigint(21)
,`return_rate` decimal(24,4)
,`total_refund_value` decimal(34,2)
);

-- --------------------------------------------------------

--
-- Stand-in structure for view `channel_profitability`
-- (See below for the actual view)
--
CREATE TABLE `channel_profitability` (
`channel_name` varchar(100)
,`customers` bigint(21)
,`total_revenue` decimal(34,2)
,`total_margin` decimal(43,2)
,`revenue_per_customer` decimal(38,6)
,`margin_per_customer` decimal(47,6)
);

-- --------------------------------------------------------

--
-- Stand-in structure for view `churn_base`
-- (See below for the actual view)
--
CREATE TABLE `churn_base` (
`churn_rate` decimal(24,4)
);

-- --------------------------------------------------------

--
-- Stand-in structure for view `churn_flagged`
-- (See below for the actual view)
--
CREATE TABLE `churn_flagged` (
`customer_id` bigint(20)
,`total_orders` bigint(21)
,`total_revenue` decimal(34,2)
,`avg_order_value` decimal(16,6)
,`total_margin` decimal(43,2)
,`first_purchase_date` datetime
,`last_purchase_date` datetime
,`recency_days` int(7)
,`lifespan_months` bigint(21)
,`total_returns` bigint(21)
,`return_rate` decimal(24,4)
,`discount_ratio` decimal(40,6)
,`churn_flag` int(1)
);

-- --------------------------------------------------------

--
-- Stand-in structure for view `clv_margin`
-- (See below for the actual view)
--
CREATE TABLE `clv_margin` (
`customer_id` bigint(20)
,`total_margin` decimal(43,2)
,`total_orders` bigint(21)
,`margin_clv` decimal(51,6)
);

-- --------------------------------------------------------

--
-- Stand-in structure for view `clv_ranked`
-- (See below for the actual view)
--
CREATE TABLE `clv_ranked` (
`customer_id` bigint(20)
,`margin_clv` decimal(51,6)
,`clv_quartile` bigint(21)
);

-- --------------------------------------------------------

--
-- Stand-in structure for view `clv_revenue`
-- (See below for the actual view)
--
CREATE TABLE `clv_revenue` (
`customer_id` bigint(20)
,`avg_order_value` decimal(16,6)
,`total_orders` bigint(21)
,`revenue_clv` decimal(44,10)
);

-- --------------------------------------------------------

--
-- Stand-in structure for view `cohort_base`
-- (See below for the actual view)
--
CREATE TABLE `cohort_base` (
`customer_id` bigint(20)
,`signup_cohort` varchar(7)
,`last_purchase_date` datetime
);

-- --------------------------------------------------------

--
-- Table structure for table `customers`
--

CREATE TABLE `customers` (
  `customer_id` bigint(20) NOT NULL,
  `first_name` varchar(100) NOT NULL,
  `last_name` varchar(100) NOT NULL,
  `email` varchar(255) NOT NULL,
  `signup_date` date NOT NULL,
  `acquisition_channel_id` int(11) DEFAULT NULL,
  `region_id` int(11) DEFAULT NULL,
  `status` enum('active','inactive','blocked') DEFAULT 'active',
  `created_at` datetime DEFAULT current_timestamp(),
  `updated_at` datetime DEFAULT current_timestamp() ON UPDATE current_timestamp()
) ENGINE=InnoDB DEFAULT CHARSET=utf8mb4 COLLATE=utf8mb4_general_ci;

--
-- Dumping data for table `customers`
--

INSERT INTO `customers` (`customer_id`, `first_name`, `last_name`, `email`, `signup_date`, `acquisition_channel_id`, `region_id`, `status`, `created_at`, `updated_at`) VALUES
(1, 'Amit', 'Sharma', 'amit1@gmail.com', '2023-01-15', 1, 1, 'active', '2026-02-28 09:52:44', '2026-02-28 09:52:44'),
(2, 'Priya', 'Patel', 'priya1@gmail.com', '2023-02-10', 2, 2, 'active', '2026-02-28 09:52:44', '2026-02-28 09:52:44'),
(3, 'Rahul', 'Verma', 'rahul1@gmail.com', '2023-03-05', 3, 3, 'active', '2026-02-28 09:52:44', '2026-02-28 09:52:44'),
(4, 'Sneha', 'Iyer', 'sneha1@gmail.com', '2023-04-12', 4, 4, 'active', '2026-02-28 09:52:44', '2026-02-28 09:52:44'),
(5, 'Vikas', 'Reddy', 'vikas1@gmail.com', '2023-05-20', 5, 5, 'active', '2026-02-28 09:52:44', '2026-02-28 09:52:44'),
(6, 'Neha', 'Kapoor', 'neha1@gmail.com', '2023-06-18', 1, 2, 'active', '2026-02-28 09:52:44', '2026-02-28 09:52:44'),
(7, 'Arjun', 'Mehta', 'arjun1@gmail.com', '2023-07-08', 2, 3, 'active', '2026-02-28 09:52:44', '2026-02-28 09:52:44'),
(8, 'Kiran', 'Nair', 'kiran1@gmail.com', '2023-08-22', 3, 4, 'active', '2026-02-28 09:52:44', '2026-02-28 09:52:44'),
(9, 'Pooja', 'Joshi', 'pooja1@gmail.com', '2023-09-14', 4, 5, 'active', '2026-02-28 09:52:44', '2026-02-28 09:52:44'),
(10, 'Rohit', 'Singh', 'rohit1@gmail.com', '2023-10-02', 5, 1, 'active', '2026-02-28 09:52:44', '2026-02-28 09:52:44'),
(11, 'Anjali', 'Desai', 'anjali1@gmail.com', '2023-11-11', 1, 3, 'active', '2026-02-28 09:52:44', '2026-02-28 09:52:44'),
(12, 'Manish', 'Gupta', 'manish1@gmail.com', '2023-12-01', 2, 4, 'active', '2026-02-28 09:52:44', '2026-02-28 09:52:44'),
(13, 'Divya', 'Rao', 'divya1@gmail.com', '2024-01-05', 3, 5, 'active', '2026-02-28 09:52:44', '2026-02-28 09:52:44'),
(14, 'Karthik', 'Menon', 'karthik1@gmail.com', '2024-01-18', 4, 1, 'active', '2026-02-28 09:52:44', '2026-02-28 09:52:44'),
(15, 'Meera', 'Shah', 'meera1@gmail.com', '2024-02-09', 5, 2, 'active', '2026-02-28 09:52:44', '2026-02-28 09:52:44'),
(16, 'Sahil', 'Bansal', 'sahil1@gmail.com', '2024-02-15', 1, 3, 'active', '2026-02-28 09:52:44', '2026-02-28 09:52:44'),
(17, 'Ishita', 'Malhotra', 'ishita1@gmail.com', '2024-03-01', 2, 4, 'active', '2026-02-28 09:52:44', '2026-02-28 09:52:44'),
(18, 'Yash', 'Agarwal', 'yash1@gmail.com', '2024-03-18', 3, 5, 'active', '2026-02-28 09:52:44', '2026-02-28 09:52:44'),
(19, 'Tanvi', 'Kulkarni', 'tanvi1@gmail.com', '2024-04-02', 4, 1, 'active', '2026-02-28 09:52:44', '2026-02-28 09:52:44'),
(20, 'Nikhil', 'Chopra', 'nikhil1@gmail.com', '2024-04-10', 5, 2, 'active', '2026-02-28 09:52:44', '2026-02-28 09:52:44'),
(21, 'Riya', 'Ghosh', 'riya1@gmail.com', '2024-04-25', 1, 3, 'active', '2026-02-28 09:52:44', '2026-02-28 09:52:44'),
(22, 'Aditya', 'Pillai', 'aditya1@gmail.com', '2024-05-05', 2, 4, 'active', '2026-02-28 09:52:44', '2026-02-28 09:52:44'),
(23, 'Simran', 'Arora', 'simran1@gmail.com', '2024-05-18', 3, 5, 'active', '2026-02-28 09:52:44', '2026-02-28 09:52:44'),
(24, 'Harsh', 'Saxena', 'harsh1@gmail.com', '2024-06-02', 4, 1, 'active', '2026-02-28 09:52:44', '2026-02-28 09:52:44'),
(25, 'Kavya', 'Tiwari', 'kavya1@gmail.com', '2024-06-15', 5, 2, 'active', '2026-02-28 09:52:44', '2026-02-28 09:52:44'),
(26, 'Rohan', 'Kulkarni', 'rohan2@gmail.com', '2023-01-20', 1, 1, 'active', '2026-02-28 10:14:35', '2026-02-28 10:14:35'),
(27, 'Isha', 'Mehra', 'isha2@gmail.com', '2023-02-14', 2, 2, 'active', '2026-02-28 10:14:35', '2026-02-28 10:14:35'),
(28, 'Dev', 'Chatterjee', 'dev2@gmail.com', '2023-03-11', 3, 3, 'active', '2026-02-28 10:14:35', '2026-02-28 10:14:35'),
(29, 'Naina', 'Shetty', 'naina2@gmail.com', '2023-04-18', 4, 4, 'active', '2026-02-28 10:14:35', '2026-02-28 10:14:35'),
(30, 'Kabir', 'Bhatia', 'kabir2@gmail.com', '2023-05-23', 5, 5, 'active', '2026-02-28 10:14:35', '2026-02-28 10:14:35'),
(31, 'Aarav', 'Jain', 'aarav2@gmail.com', '2023-06-07', 6, 6, 'active', '2026-02-28 10:14:35', '2026-02-28 10:14:35'),
(32, 'Sanya', 'Trivedi', 'sanya2@gmail.com', '2023-07-19', 1, 7, 'active', '2026-02-28 10:14:35', '2026-02-28 10:14:35'),
(33, 'Vivaan', 'Das', 'vivaan2@gmail.com', '2023-08-03', 2, 8, 'active', '2026-02-28 10:14:35', '2026-02-28 10:14:35'),
(34, 'Myra', 'Khanna', 'myra2@gmail.com', '2023-09-09', 3, 1, 'active', '2026-02-28 10:14:35', '2026-02-28 10:14:35'),
(35, 'Aryan', 'Malik', 'aryan2@gmail.com', '2023-10-21', 4, 2, 'active', '2026-02-28 10:14:35', '2026-02-28 10:14:35'),
(36, 'Diya', 'Pande', 'diya2@gmail.com', '2023-11-15', 5, 3, 'active', '2026-02-28 10:14:35', '2026-02-28 10:14:35'),
(37, 'Rudra', 'Sethi', 'rudra2@gmail.com', '2023-12-04', 6, 4, 'active', '2026-02-28 10:14:35', '2026-02-28 10:14:35'),
(38, 'Tara', 'Mishra', 'tara2@gmail.com', '2024-01-10', 1, 5, 'active', '2026-02-28 10:14:35', '2026-02-28 10:14:35'),
(39, 'Om', 'Rajput', 'om2@gmail.com', '2024-01-25', 2, 6, 'active', '2026-02-28 10:14:35', '2026-02-28 10:14:35'),
(40, 'Aisha', 'Luthra', 'aisha2@gmail.com', '2024-02-12', 3, 7, 'active', '2026-02-28 10:14:35', '2026-02-28 10:14:35'),
(41, 'Ved', 'Choudhary', 'ved2@gmail.com', '2024-02-28', 4, 8, 'active', '2026-02-28 10:14:35', '2026-02-28 10:14:35'),
(42, 'Kiara', 'Bose', 'kiara2@gmail.com', '2024-03-05', 5, 1, 'active', '2026-02-28 10:14:35', '2026-02-28 10:14:35'),
(43, 'Advik', 'Nanda', 'advik2@gmail.com', '2024-03-22', 6, 2, 'active', '2026-02-28 10:14:35', '2026-02-28 10:14:35'),
(44, 'Sara', 'Gill', 'sara2@gmail.com', '2024-04-02', 1, 3, 'active', '2026-02-28 10:14:35', '2026-02-28 10:14:35'),
(45, 'Yuvan', 'Rastogi', 'yuvan2@gmail.com', '2024-04-19', 2, 4, 'active', '2026-02-28 10:14:35', '2026-02-28 10:14:35'),
(46, 'Anaya', 'Suri', 'anaya2@gmail.com', '2024-05-01', 3, 5, 'active', '2026-02-28 10:14:35', '2026-02-28 10:14:35'),
(47, 'Ibrahim', 'Farooq', 'ibrahim2@gmail.com', '2024-05-15', 4, 6, 'active', '2026-02-28 10:14:35', '2026-02-28 10:14:35'),
(48, 'Pari', 'Dutta', 'pari2@gmail.com', '2024-05-29', 5, 7, 'active', '2026-02-28 10:14:35', '2026-02-28 10:14:35'),
(49, 'Reyansh', 'Kapadia', 'reyansh2@gmail.com', '2024-06-03', 6, 8, 'active', '2026-02-28 10:14:35', '2026-02-28 10:14:35'),
(50, 'Mira', 'Talwar', 'mira2@gmail.com', '2024-06-14', 1, 1, 'active', '2026-02-28 10:14:35', '2026-02-28 10:14:35'),
(51, 'Dhruv', 'Narayan', 'dhruv2@gmail.com', '2023-02-08', 2, 2, 'active', '2026-02-28 10:14:35', '2026-02-28 10:14:35'),
(52, 'Rhea', 'Saxena', 'rhea2@gmail.com', '2023-03-19', 3, 3, 'active', '2026-02-28 10:14:35', '2026-02-28 10:14:35'),
(53, 'Arnav', 'Joshi', 'arnav2@gmail.com', '2023-04-27', 4, 4, 'active', '2026-02-28 10:14:35', '2026-02-28 10:14:35'),
(54, 'Alisha', 'Garg', 'alisha2@gmail.com', '2023-05-12', 5, 5, 'active', '2026-02-28 10:14:35', '2026-02-28 10:14:35'),
(55, 'Kunal', 'Bhargava', 'kunal2@gmail.com', '2023-06-21', 6, 6, 'active', '2026-02-28 10:14:35', '2026-02-28 10:14:35'),
(56, 'Zara', 'Menon', 'zara2@gmail.com', '2023-07-06', 1, 7, 'active', '2026-02-28 10:14:35', '2026-02-28 10:14:35'),
(57, 'Laksh', 'Kapoor', 'laksh2@gmail.com', '2023-08-16', 2, 8, 'active', '2026-02-28 10:14:35', '2026-02-28 10:14:35'),
(58, 'Pranav', 'Sood', 'pranav2@gmail.com', '2023-09-23', 3, 1, 'active', '2026-02-28 10:14:35', '2026-02-28 10:14:35'),
(59, 'Nidhi', 'Vohra', 'nidhi2@gmail.com', '2023-10-11', 4, 2, 'active', '2026-02-28 10:14:35', '2026-02-28 10:14:35'),
(60, 'Harleen', 'Sidhu', 'harleen2@gmail.com', '2023-11-28', 5, 3, 'active', '2026-02-28 10:14:35', '2026-02-28 10:14:35'),
(61, 'Samar', 'Kohli', 'samar2@gmail.com', '2023-12-19', 6, 4, 'active', '2026-02-28 10:14:35', '2026-02-28 10:14:35'),
(62, 'Esha', 'Arun', 'esha2@gmail.com', '2024-01-06', 1, 5, 'active', '2026-02-28 10:14:35', '2026-02-28 10:14:35'),
(63, 'Varun', 'Tandon', 'varun2@gmail.com', '2024-01-18', 2, 6, 'active', '2026-02-28 10:14:35', '2026-02-28 10:14:35'),
(64, 'Tanisha', 'Roy', 'tanisha2@gmail.com', '2024-02-04', 3, 7, 'active', '2026-02-28 10:14:35', '2026-02-28 10:14:35'),
(65, 'Shaurya', 'Singla', 'shaurya2@gmail.com', '2024-02-20', 4, 8, 'active', '2026-02-28 10:14:35', '2026-02-28 10:14:35'),
(66, 'Krisha', 'Yadav', 'krisha2@gmail.com', '2024-03-12', 5, 1, 'active', '2026-02-28 10:14:35', '2026-02-28 10:14:35'),
(67, 'Ritvik', 'Pathak', 'ritvik2@gmail.com', '2024-03-29', 6, 2, 'active', '2026-02-28 10:14:35', '2026-02-28 10:14:35'),
(68, 'Mitali', 'Sawant', 'mitali2@gmail.com', '2024-04-07', 1, 3, 'active', '2026-02-28 10:14:35', '2026-02-28 10:14:35'),
(69, 'Jai', 'Deshmukh', 'jai2@gmail.com', '2024-04-24', 2, 4, 'active', '2026-02-28 10:14:35', '2026-02-28 10:14:35'),
(70, 'Anushka', 'Chauhan', 'anushka2@gmail.com', '2024-05-03', 3, 5, 'active', '2026-02-28 10:14:35', '2026-02-28 10:14:35'),
(71, 'Himanshu', 'Rawat', 'himanshu2@gmail.com', '2024-05-18', 4, 6, 'active', '2026-02-28 10:14:35', '2026-02-28 10:14:35'),
(72, 'Pallavi', 'Naik', 'pallavi2@gmail.com', '2024-05-30', 5, 7, 'active', '2026-02-28 10:14:35', '2026-02-28 10:14:35'),
(73, 'Raghav', 'Bedi', 'raghav2@gmail.com', '2024-06-08', 6, 8, 'active', '2026-02-28 10:14:35', '2026-02-28 10:14:35'),
(74, 'Nandini', 'Prakash', 'nandini2@gmail.com', '2023-01-30', 1, 1, 'active', '2026-02-28 10:14:35', '2026-02-28 10:14:35'),
(75, 'Mohit', 'Kale', 'mohit2@gmail.com', '2023-02-18', 2, 2, 'active', '2026-02-28 10:14:35', '2026-02-28 10:14:35'),
(76, 'Shruti', 'Kulshreshtha', 'shruti2@gmail.com', '2023-03-07', 3, 3, 'active', '2026-02-28 10:14:35', '2026-02-28 10:14:35'),
(77, 'Aniket', 'Pawar', 'aniket2@gmail.com', '2023-04-09', 4, 4, 'active', '2026-02-28 10:14:35', '2026-02-28 10:14:35'),
(78, 'Sakshi', 'Bhatt', 'sakshi2@gmail.com', '2023-05-25', 5, 5, 'active', '2026-02-28 10:14:35', '2026-02-28 10:14:35'),
(79, 'Ritesh', 'Mahajan', 'ritesh2@gmail.com', '2023-06-13', 6, 6, 'active', '2026-02-28 10:14:35', '2026-02-28 10:14:35'),
(80, 'Kritika', 'Dubey', 'kritika2@gmail.com', '2023-07-27', 1, 7, 'active', '2026-02-28 10:14:35', '2026-02-28 10:14:35'),
(81, 'Abhinav', 'Chandra', 'abhinav2@gmail.com', '2023-08-14', 2, 8, 'active', '2026-02-28 10:14:35', '2026-02-28 10:14:35'),
(82, 'Preeti', 'Saran', 'preeti2@gmail.com', '2023-09-04', 3, 1, 'active', '2026-02-28 10:14:35', '2026-02-28 10:14:35'),
(83, 'Tejas', 'Modi', 'tejas2@gmail.com', '2023-10-30', 4, 2, 'active', '2026-02-28 10:14:35', '2026-02-28 10:14:35'),
(84, 'Neel', 'Sarkar', 'neel2@gmail.com', '2023-11-09', 5, 3, 'active', '2026-02-28 10:14:35', '2026-02-28 10:14:35'),
(85, 'Aditi', 'Raman', 'aditi2@gmail.com', '2023-12-22', 6, 4, 'active', '2026-02-28 10:14:35', '2026-02-28 10:14:35'),
(86, 'Siddharth', 'Grover', 'siddharth2@gmail.com', '2024-01-02', 1, 5, 'active', '2026-02-28 10:14:35', '2026-02-28 10:14:35'),
(87, 'Ira', 'Bajaj', 'ira2@gmail.com', '2024-01-16', 2, 6, 'active', '2026-02-28 10:14:35', '2026-02-28 10:14:35'),
(88, 'Rohan', 'Kapoor', 'rohan3@gmail.com', '2024-02-01', 3, 7, 'active', '2026-02-28 10:14:35', '2026-02-28 10:14:35'),
(89, 'Charvi', 'Ahuja', 'charvi2@gmail.com', '2024-02-17', 4, 8, 'active', '2026-02-28 10:14:35', '2026-02-28 10:14:35'),
(90, 'Manav', 'Bhalla', 'manav2@gmail.com', '2024-03-03', 5, 1, 'active', '2026-02-28 10:14:35', '2026-02-28 10:14:35'),
(91, 'Sonal', 'Madan', 'sonal2@gmail.com', '2024-03-21', 6, 2, 'active', '2026-02-28 10:14:35', '2026-02-28 10:14:35'),
(92, 'Harshita', 'Rai', 'harshita2@gmail.com', '2024-04-11', 1, 3, 'active', '2026-02-28 10:14:35', '2026-02-28 10:14:35'),
(93, 'Yashvi', 'Bhardwaj', 'yashvi2@gmail.com', '2024-04-28', 2, 4, 'active', '2026-02-28 10:14:35', '2026-02-28 10:14:35'),
(94, 'Keshav', 'Thakur', 'keshav2@gmail.com', '2024-05-09', 3, 5, 'active', '2026-02-28 10:14:35', '2026-02-28 10:14:35'),
(95, 'Ritika', 'Sengar', 'ritika2@gmail.com', '2024-05-22', 4, 6, 'active', '2026-02-28 10:14:35', '2026-02-28 10:14:35'),
(96, 'Tanish', 'Arora', 'tanish2@gmail.com', '2024-06-12', 5, 7, 'active', '2026-02-28 10:14:35', '2026-02-28 10:14:35');

-- --------------------------------------------------------

--
-- Stand-in structure for view `customer_360`
-- (See below for the actual view)
--
CREATE TABLE `customer_360` (
`customer_id` bigint(20)
,`total_orders` bigint(21)
,`total_revenue` decimal(34,2)
,`avg_order_value` decimal(16,6)
,`total_margin` decimal(43,2)
,`first_purchase_date` datetime
,`last_purchase_date` datetime
,`recency_days` int(7)
,`lifespan_months` bigint(21)
,`total_returns` bigint(21)
,`return_rate` decimal(24,4)
,`discount_ratio` decimal(40,6)
);

-- --------------------------------------------------------

--
-- Stand-in structure for view `dim_channel`
-- (See below for the actual view)
--
CREATE TABLE `dim_channel` (
`acquisition_channel_id` int(11)
,`channel_name` varchar(100)
,`channel_type` varchar(50)
);

-- --------------------------------------------------------

--
-- Stand-in structure for view `dim_customer`
-- (See below for the actual view)
--
CREATE TABLE `dim_customer` (
`customer_id` bigint(20)
,`segment` varchar(18)
,`value_tier` varchar(10)
,`acquisition_channel_id` int(11)
,`region_id` int(11)
);

-- --------------------------------------------------------

--
-- Stand-in structure for view `dim_region`
-- (See below for the actual view)
--
CREATE TABLE `dim_region` (
`region_id` int(11)
,`country` varchar(100)
,`state` varchar(100)
,`city` varchar(100)
);

-- --------------------------------------------------------

--
-- Stand-in structure for view `dim_segment`
-- (See below for the actual view)
--
CREATE TABLE `dim_segment` (
`segment` varchar(18)
,`value_tier` varchar(10)
);

-- --------------------------------------------------------

--
-- Stand-in structure for view `fact_customer_analytics`
-- (See below for the actual view)
--
CREATE TABLE `fact_customer_analytics` (
`customer_id` bigint(20)
,`total_orders` bigint(21)
,`total_revenue` decimal(34,2)
,`total_margin` decimal(43,2)
,`margin_clv` decimal(51,6)
,`revenue_clv` decimal(44,10)
,`churn_flag` int(1)
,`return_rate` decimal(24,4)
,`discount_ratio` decimal(40,6)
);

-- --------------------------------------------------------

--
-- Stand-in structure for view `master_customer_analytics`
-- (See below for the actual view)
--
CREATE TABLE `master_customer_analytics` (
`customer_id` bigint(20)
,`channel_name` varchar(100)
,`region_id` int(11)
,`total_orders` bigint(21)
,`total_revenue` decimal(34,2)
,`avg_order_value` decimal(16,6)
,`recency_days` int(7)
,`lifespan_months` bigint(21)
,`total_margin` decimal(43,2)
,`margin_clv` decimal(51,6)
,`revenue_clv` decimal(44,10)
,`churn_flag` int(1)
,`return_rate` decimal(24,4)
,`discount_ratio` decimal(40,6)
,`segment` varchar(18)
,`value_tier` varchar(10)
);

-- --------------------------------------------------------

--
-- Table structure for table `orders`
--

CREATE TABLE `orders` (
  `order_id` bigint(20) NOT NULL,
  `customer_id` bigint(20) NOT NULL,
  `order_date` datetime NOT NULL,
  `order_status` enum('completed','cancelled','returned','pending') NOT NULL,
  `gross_amount` decimal(12,2) NOT NULL,
  `discount_amount` decimal(12,2) DEFAULT 0.00,
  `net_amount` decimal(12,2) NOT NULL,
  `payment_status` enum('paid','failed','pending') NOT NULL,
  `created_at` datetime DEFAULT current_timestamp()
) ENGINE=InnoDB DEFAULT CHARSET=utf8mb4 COLLATE=utf8mb4_general_ci;

--
-- Dumping data for table `orders`
--

INSERT INTO `orders` (`order_id`, `customer_id`, `order_date`, `order_status`, `gross_amount`, `discount_amount`, `net_amount`, `payment_status`, `created_at`) VALUES
(15, 1, '2023-03-03 00:00:00', 'completed', 1900.00, 292.47, 1607.53, 'paid', '2026-02-28 10:24:44'),
(16, 2, '2023-02-11 00:00:00', 'completed', 17500.00, 0.00, 17500.00, 'paid', '2026-02-28 10:24:44'),
(17, 3, '2023-08-28 00:00:00', 'returned', 33500.00, 788.18, 32711.82, 'paid', '2026-02-28 10:24:44'),
(18, 4, '2023-05-19 00:00:00', 'completed', 7800.00, 0.00, 7800.00, 'paid', '2026-02-28 10:24:44'),
(19, 5, '2023-06-29 00:00:00', 'pending', 59000.00, 0.00, 59000.00, 'pending', '2026-02-28 10:24:44'),
(20, 6, '2024-03-08 00:00:00', 'completed', 5000.00, 0.00, 5000.00, 'paid', '2026-02-28 10:24:44'),
(21, 7, '2023-08-15 00:00:00', 'returned', 10600.00, 0.00, 10600.00, 'paid', '2026-02-28 10:24:44'),
(22, 8, '2023-08-22 00:00:00', 'completed', 15100.00, 0.00, 15100.00, 'paid', '2026-02-28 10:24:44'),
(23, 9, '2023-09-14 00:00:00', 'completed', 164900.00, 0.00, 164900.00, 'paid', '2026-02-28 10:24:44'),
(24, 10, '2023-10-27 00:00:00', 'completed', 8000.00, 0.00, 8000.00, 'paid', '2026-02-28 10:24:44'),
(25, 11, '2024-06-24 00:00:00', 'returned', 50700.00, 0.00, 50700.00, 'paid', '2026-02-28 10:24:44'),
(26, 12, '2024-05-08 00:00:00', 'completed', 4900.00, 0.00, 4900.00, 'paid', '2026-02-28 10:24:44'),
(27, 13, '2024-04-24 00:00:00', 'returned', 86900.00, 0.00, 86900.00, 'paid', '2026-02-28 10:24:44'),
(28, 14, '2024-01-18 00:00:00', 'completed', 1500.00, 1500.00, 0.00, 'paid', '2026-02-28 10:24:44'),
(29, 15, '2024-02-09 00:00:00', 'completed', 41400.00, 0.00, 41400.00, 'paid', '2026-02-28 10:24:44'),
(30, 16, '2024-02-29 00:00:00', 'completed', 4600.00, 0.00, 4600.00, 'paid', '2026-02-28 10:24:44'),
(31, 17, '2024-03-01 00:00:00', 'cancelled', 1355.00, 0.00, 1355.00, 'failed', '2026-02-28 10:24:44'),
(32, 18, '2024-03-18 00:00:00', 'completed', 67800.00, 0.00, 67800.00, 'paid', '2026-02-28 10:24:44'),
(33, 19, '2024-04-02 00:00:00', 'completed', 23600.00, 0.00, 23600.00, 'paid', '2026-02-28 10:24:44'),
(34, 20, '2024-04-10 00:00:00', 'returned', 10300.00, 0.00, 10300.00, 'paid', '2026-02-28 10:24:44'),
(35, 21, '2024-04-25 00:00:00', 'completed', 22450.00, 0.00, 22450.00, 'paid', '2026-02-28 10:24:44'),
(36, 22, '2024-05-05 00:00:00', 'completed', 8900.00, 1279.47, 7620.53, 'paid', '2026-02-28 10:24:44'),
(37, 23, '2024-05-18 00:00:00', 'pending', 156350.00, 0.00, 156350.00, 'paid', '2026-02-28 10:24:44'),
(38, 24, '2024-06-02 00:00:00', 'completed', 33400.00, 0.00, 33400.00, 'paid', '2026-02-28 10:24:44'),
(39, 25, '2024-06-15 00:00:00', 'completed', 5900.00, 0.00, 5900.00, 'paid', '2026-02-28 10:24:44'),
(40, 26, '2024-02-05 00:00:00', 'completed', 80200.00, 0.00, 80200.00, 'paid', '2026-02-28 10:24:44'),
(41, 27, '2023-03-03 00:00:00', 'completed', 2000.00, 0.00, 2000.00, 'paid', '2026-02-28 10:24:44'),
(42, 28, '2024-06-29 00:00:00', 'completed', 32000.00, 0.00, 32000.00, 'paid', '2026-02-28 10:24:44'),
(43, 29, '2023-07-03 00:00:00', 'completed', 2350.00, 0.00, 2350.00, 'paid', '2026-02-28 10:24:44'),
(44, 30, '2024-05-03 00:00:00', 'returned', 4000.00, 1119.33, 2880.67, 'paid', '2026-02-28 10:24:44'),
(45, 31, '2023-10-21 00:00:00', 'completed', 40150.00, 0.00, 40150.00, 'paid', '2026-02-28 10:24:44'),
(46, 32, '2023-07-19 00:00:00', 'completed', 13250.00, 0.00, 13250.00, 'paid', '2026-02-28 10:24:44'),
(47, 33, '2023-12-23 00:00:00', 'completed', 59850.00, 0.00, 59850.00, 'paid', '2026-02-28 10:24:44'),
(48, 34, '2023-09-09 00:00:00', 'completed', 30600.00, 0.00, 30600.00, 'paid', '2026-02-28 10:24:44'),
(49, 35, '2023-10-21 00:00:00', 'completed', 15400.00, 0.00, 15400.00, 'paid', '2026-02-28 10:24:44'),
(50, 36, '2023-11-15 00:00:00', 'completed', 31200.00, 63.72, 31136.28, 'paid', '2026-02-28 10:24:44'),
(51, 37, '2023-12-04 00:00:00', 'completed', 154000.00, 0.00, 154000.00, 'paid', '2026-02-28 10:24:44'),
(52, 38, '2024-01-10 00:00:00', 'completed', 3400.00, 0.00, 3400.00, 'paid', '2026-02-28 10:24:44'),
(53, 39, '2024-02-05 00:00:00', 'completed', 6000.00, 438.30, 5561.70, 'paid', '2026-02-28 10:24:44'),
(54, 40, '2024-02-12 00:00:00', 'completed', 38100.00, 543.60, 37556.40, 'paid', '2026-02-28 10:24:44'),
(55, 41, '2024-02-28 00:00:00', 'completed', 44500.00, 0.00, 44500.00, 'paid', '2026-02-28 10:24:44'),
(56, 42, '2024-03-18 00:00:00', 'completed', 4650.00, 3816.29, 833.71, 'paid', '2026-02-28 10:24:44'),
(57, 43, '2024-03-22 00:00:00', 'pending', 60700.00, 0.00, 60700.00, 'paid', '2026-02-28 10:24:44'),
(58, 44, '2024-04-02 00:00:00', 'completed', 13800.00, 0.00, 13800.00, 'paid', '2026-02-28 10:24:44'),
(59, 45, '2024-04-19 00:00:00', 'completed', 8500.00, 0.00, 8500.00, 'paid', '2026-02-28 10:24:44'),
(60, 46, '2024-05-01 00:00:00', 'completed', 4200.00, 0.00, 4200.00, 'paid', '2026-02-28 10:24:44'),
(61, 47, '2024-05-15 00:00:00', 'completed', 124400.00, 1339.14, 123060.86, 'paid', '2026-02-28 10:24:44'),
(62, 48, '2024-05-29 00:00:00', 'completed', 32150.00, 0.00, 32150.00, 'paid', '2026-02-28 10:24:44'),
(63, 49, '2024-06-03 00:00:00', 'returned', 16900.00, 0.00, 16900.00, 'paid', '2026-02-28 10:24:44'),
(64, 50, '2024-06-14 00:00:00', 'completed', 21900.00, 0.00, 21900.00, 'paid', '2026-02-28 10:24:44'),
(65, 51, '2023-03-17 00:00:00', 'completed', 13400.00, 252.77, 13147.23, 'paid', '2026-02-28 10:24:44'),
(66, 52, '2023-12-23 00:00:00', 'cancelled', 27400.00, 0.00, 27400.00, 'failed', '2026-02-28 10:24:44'),
(67, 53, '2023-08-06 00:00:00', 'pending', 5500.00, 138.53, 5361.47, 'paid', '2026-02-28 10:24:44'),
(68, 54, '2024-06-03 00:00:00', 'pending', 25950.00, 0.00, 25950.00, 'paid', '2026-02-28 10:24:44'),
(69, 55, '2024-05-28 00:00:00', 'completed', 4500.00, 2637.78, 1862.22, 'paid', '2026-02-28 10:24:44'),
(70, 56, '2023-07-06 00:00:00', 'completed', 1900.00, 0.00, 1900.00, 'paid', '2026-02-28 10:24:44'),
(71, 57, '2024-01-25 00:00:00', 'pending', 14200.00, 179.95, 14020.05, 'paid', '2026-02-28 10:24:44'),
(72, 58, '2024-01-09 00:00:00', 'completed', 27000.00, 0.00, 27000.00, 'paid', '2026-02-28 10:24:44'),
(73, 59, '2024-05-14 00:00:00', 'completed', 32600.00, 0.00, 32600.00, 'paid', '2026-02-28 10:24:44'),
(74, 60, '2024-01-09 00:00:00', 'completed', 600.00, 0.00, 600.00, 'paid', '2026-02-28 10:24:44'),
(75, 61, '2023-12-19 00:00:00', 'pending', 13750.00, 1129.30, 12620.70, 'pending', '2026-02-28 10:24:44'),
(76, 62, '2024-01-06 00:00:00', 'completed', 11650.00, 0.00, 11650.00, 'paid', '2026-02-28 10:24:44'),
(77, 63, '2024-06-16 00:00:00', 'pending', 40900.00, 0.00, 40900.00, 'paid', '2026-02-28 10:24:44'),
(78, 64, '2024-04-11 00:00:00', 'completed', 22450.00, 0.00, 22450.00, 'paid', '2026-02-28 10:24:44'),
(79, 65, '2024-02-20 00:00:00', 'completed', 11400.00, 0.00, 11400.00, 'paid', '2026-02-28 10:24:44'),
(80, 66, '2024-03-12 00:00:00', 'completed', 126900.00, 0.00, 126900.00, 'paid', '2026-02-28 10:24:44'),
(81, 67, '2024-05-15 00:00:00', 'returned', 750.00, 0.00, 750.00, 'paid', '2026-02-28 10:24:44'),
(82, 68, '2024-04-07 00:00:00', 'completed', 26050.00, 0.00, 26050.00, 'paid', '2026-02-28 10:24:44'),
(83, 69, '2024-05-03 00:00:00', 'completed', 18000.00, 0.00, 18000.00, 'paid', '2026-02-28 10:24:44'),
(84, 70, '2024-05-03 00:00:00', 'completed', 14450.00, 0.00, 14450.00, 'paid', '2026-02-28 10:24:44'),
(85, 71, '2024-05-18 00:00:00', 'completed', 31800.00, 0.00, 31800.00, 'paid', '2026-02-28 10:24:44'),
(86, 72, '2024-05-30 00:00:00', 'completed', 12650.00, 0.00, 12650.00, 'paid', '2026-02-28 10:24:44'),
(87, 73, '2024-06-08 00:00:00', 'completed', 9150.00, 0.00, 9150.00, 'paid', '2026-02-28 10:24:44'),
(88, 74, '2024-03-03 00:00:00', 'completed', 14000.00, 0.00, 14000.00, 'paid', '2026-02-28 10:24:44'),
(89, 75, '2023-09-22 00:00:00', 'completed', 7600.00, 0.00, 7600.00, 'paid', '2026-02-28 10:24:44'),
(90, 76, '2023-10-18 00:00:00', 'completed', 10100.00, 371.03, 9728.97, 'paid', '2026-02-28 10:24:44'),
(91, 77, '2024-03-01 00:00:00', 'completed', 7500.00, 582.08, 6917.92, 'paid', '2026-02-28 10:24:44'),
(92, 78, '2023-12-14 00:00:00', 'completed', 5229.00, 0.00, 5229.00, 'paid', '2026-02-28 10:24:44'),
(93, 79, '2023-06-13 00:00:00', 'completed', 2487.00, 294.84, 2192.16, 'paid', '2026-02-28 10:24:44'),
(94, 80, '2023-11-11 00:00:00', 'returned', 33300.00, 0.00, 33300.00, 'paid', '2026-02-28 10:24:44'),
(95, 81, '2023-08-14 00:00:00', 'completed', 4100.00, 0.00, 4100.00, 'paid', '2026-02-28 10:24:44'),
(96, 82, '2024-03-25 00:00:00', 'returned', 5750.00, 0.00, 5750.00, 'paid', '2026-02-28 10:24:44'),
(97, 83, '2023-11-19 00:00:00', 'completed', 5800.00, 268.90, 5531.10, 'paid', '2026-02-28 10:24:44'),
(98, 84, '2023-11-09 00:00:00', 'completed', 46050.00, 0.00, 46050.00, 'paid', '2026-02-28 10:24:44'),
(99, 85, '2023-12-22 00:00:00', 'returned', 6000.00, 0.00, 6000.00, 'paid', '2026-02-28 10:24:44'),
(100, 86, '2024-05-17 00:00:00', 'completed', 10400.00, 0.00, 10400.00, 'paid', '2026-02-28 10:24:44'),
(101, 87, '2024-01-21 00:00:00', 'completed', 41600.00, 0.00, 41600.00, 'paid', '2026-02-28 10:24:44'),
(102, 88, '2024-02-01 00:00:00', 'completed', 31950.00, 0.00, 31950.00, 'paid', '2026-02-28 10:24:44'),
(103, 89, '2024-02-17 00:00:00', 'returned', 7950.00, 0.00, 7950.00, 'paid', '2026-02-28 10:24:44'),
(104, 90, '2024-03-03 00:00:00', 'completed', 2700.00, 0.00, 2700.00, 'paid', '2026-02-28 10:24:44'),
(105, 91, '2024-03-21 00:00:00', 'completed', 2900.00, 0.00, 2900.00, 'paid', '2026-02-28 10:24:44'),
(106, 92, '2024-04-11 00:00:00', 'completed', 33250.00, 0.00, 33250.00, 'paid', '2026-02-28 10:24:44'),
(107, 93, '2024-04-28 00:00:00', 'completed', 15100.00, 0.00, 15100.00, 'paid', '2026-02-28 10:24:44'),
(108, 94, '2024-05-09 00:00:00', 'completed', 22500.00, 0.00, 22500.00, 'paid', '2026-02-28 10:24:44'),
(109, 95, '2024-05-22 00:00:00', 'completed', 8200.00, 0.00, 8200.00, 'paid', '2026-02-28 10:24:44'),
(110, 96, '2024-06-12 00:00:00', 'completed', 7500.00, 0.00, 7500.00, 'paid', '2026-02-28 10:24:44'),
(111, 22, '2024-05-05 00:00:00', 'completed', 9400.00, 0.00, 9400.00, 'paid', '2026-02-28 10:24:44'),
(112, 76, '2024-05-02 00:00:00', 'completed', 16300.00, 240.86, 16059.14, 'paid', '2026-02-28 10:24:44'),
(113, 76, '2023-03-12 00:00:00', 'completed', 4000.00, 0.00, 4000.00, 'paid', '2026-02-28 10:24:44'),
(114, 54, '2023-05-12 00:00:00', 'completed', 5300.00, 0.00, 5300.00, 'paid', '2026-02-28 10:24:44'),
(115, 54, '2023-12-26 00:00:00', 'completed', 4500.00, 196.54, 4303.46, 'paid', '2026-02-28 10:24:44'),
(116, 43, '2024-03-22 00:00:00', 'completed', 5000.00, 0.00, 5000.00, 'paid', '2026-02-28 10:24:44'),
(117, 2, '2024-06-13 00:00:00', 'completed', 6200.00, 0.00, 6200.00, 'paid', '2026-02-28 10:24:44'),
(118, 45, '2024-04-19 00:00:00', 'completed', 80250.00, 0.00, 80250.00, 'paid', '2026-02-28 10:24:44'),
(119, 27, '2024-01-14 00:00:00', 'completed', 4000.00, 0.00, 4000.00, 'paid', '2026-02-28 10:24:44'),
(120, 29, '2024-01-12 00:00:00', 'completed', 66550.00, 0.00, 66550.00, 'paid', '2026-02-28 10:24:44'),
(121, 1, '2023-10-23 00:00:00', 'completed', 11500.00, 1256.08, 10243.92, 'paid', '2026-02-28 10:24:44'),
(122, 93, '2024-04-28 00:00:00', 'cancelled', 7300.00, 0.00, 7300.00, 'failed', '2026-02-28 10:24:44'),
(123, 92, '2024-04-11 00:00:00', 'completed', 45200.00, 0.00, 45200.00, 'paid', '2026-02-28 10:24:44'),
(124, 47, '2024-06-22 00:00:00', 'completed', 33100.00, 0.00, 33100.00, 'paid', '2026-02-28 10:24:44'),
(125, 1, '2023-10-27 00:00:00', 'completed', 18000.00, 0.00, 18000.00, 'paid', '2026-02-28 10:24:44'),
(126, 8, '2023-08-22 00:00:00', 'completed', 7600.00, 0.00, 7600.00, 'paid', '2026-02-28 10:24:44'),
(127, 68, '2024-04-07 00:00:00', 'completed', 16300.00, 0.00, 16300.00, 'paid', '2026-02-28 10:24:44'),
(128, 32, '2023-07-19 00:00:00', 'completed', 7700.00, 0.00, 7700.00, 'paid', '2026-02-28 10:24:44'),
(129, 79, '2023-11-16 00:00:00', 'returned', 90100.00, 0.00, 90100.00, 'paid', '2026-02-28 10:24:44'),
(130, 61, '2023-12-19 00:00:00', 'completed', 10300.00, 0.00, 10300.00, 'paid', '2026-02-28 10:24:44'),
(131, 90, '2024-04-25 00:00:00', 'completed', 29450.00, 69.67, 29380.33, 'paid', '2026-02-28 10:24:44'),
(132, 55, '2023-07-24 00:00:00', 'completed', 8800.00, 0.00, 8800.00, 'paid', '2026-02-28 10:24:44'),
(133, 72, '2024-06-08 00:00:00', 'pending', 5000.00, 0.00, 5000.00, 'paid', '2026-02-28 10:24:44'),
(134, 40, '2024-02-12 00:00:00', 'returned', 28400.00, 0.00, 28400.00, 'paid', '2026-02-28 10:24:44'),
(135, 62, '2024-05-23 00:00:00', 'pending', 240800.00, 0.00, 240800.00, 'paid', '2026-02-28 10:24:44'),
(136, 87, '2024-01-16 00:00:00', 'completed', 3850.00, 0.00, 3850.00, 'paid', '2026-02-28 10:24:44'),
(137, 90, '2024-03-03 00:00:00', 'completed', 16350.00, 6433.14, 9916.86, 'paid', '2026-02-28 10:24:44'),
(138, 73, '2024-06-08 00:00:00', 'pending', 12800.00, 2205.61, 10594.39, 'pending', '2026-02-28 10:24:44'),
(139, 35, '2023-10-21 00:00:00', 'completed', 17400.00, 0.00, 17400.00, 'paid', '2026-02-28 10:24:44'),
(140, 51, '2023-06-16 00:00:00', 'completed', 1500.00, 52.41, 1447.59, 'paid', '2026-02-28 10:24:44'),
(141, 34, '2023-09-09 00:00:00', 'completed', 19150.00, 0.00, 19150.00, 'paid', '2026-02-28 10:24:44'),
(142, 30, '2024-02-10 00:00:00', 'completed', 9418.00, 966.53, 8451.47, 'paid', '2026-02-28 10:24:44'),
(143, 28, '2023-06-12 00:00:00', 'completed', 2100.00, 0.00, 2100.00, 'paid', '2026-02-28 10:24:44'),
(144, 39, '2024-01-25 00:00:00', 'completed', 1200.00, 0.00, 1200.00, 'paid', '2026-02-28 10:24:44'),
(145, 29, '2024-05-11 00:00:00', 'completed', 9500.00, 0.00, 9500.00, 'paid', '2026-02-28 10:24:44'),
(146, 60, '2023-11-28 00:00:00', 'completed', 900.00, 119.11, 780.89, 'paid', '2026-02-28 10:24:44'),
(147, 6, '2024-01-20 00:00:00', 'completed', 10900.00, 0.00, 10900.00, 'paid', '2026-02-28 10:24:44'),
(148, 35, '2023-10-21 00:00:00', 'completed', 12800.00, 0.00, 12800.00, 'paid', '2026-02-28 10:24:44'),
(149, 83, '2024-01-20 00:00:00', 'completed', 22600.00, 0.00, 22600.00, 'paid', '2026-02-28 10:24:44'),
(150, 55, '2024-04-04 00:00:00', 'completed', 40250.00, 0.00, 40250.00, 'paid', '2026-02-28 10:24:44'),
(151, 64, '2024-02-04 00:00:00', 'completed', 4900.00, 0.00, 4900.00, 'paid', '2026-02-28 10:24:44'),
(152, 79, '2023-06-13 00:00:00', 'completed', 18800.00, 357.93, 18442.07, 'paid', '2026-02-28 10:24:44'),
(153, 88, '2024-06-23 00:00:00', 'completed', 57950.00, 550.68, 57399.32, 'paid', '2026-02-28 10:24:44'),
(154, 73, '2024-06-08 00:00:00', 'completed', 18850.00, 0.00, 18850.00, 'paid', '2026-02-28 10:24:44'),
(155, 17, '2024-03-01 00:00:00', 'completed', 52600.00, 0.00, 52600.00, 'paid', '2026-02-28 10:24:44'),
(156, 17, '2024-03-01 00:00:00', 'completed', 16500.00, 0.00, 16500.00, 'paid', '2026-02-28 10:24:44'),
(157, 24, '2024-06-02 00:00:00', 'returned', 7550.00, 0.00, 7550.00, 'paid', '2026-02-28 10:24:44'),
(158, 87, '2024-01-16 00:00:00', 'completed', 7400.00, 0.00, 7400.00, 'paid', '2026-02-28 10:24:44'),
(159, 87, '2024-01-16 00:00:00', 'completed', 3000.00, 0.00, 3000.00, 'paid', '2026-02-28 10:24:44'),
(160, 95, '2024-06-28 00:00:00', 'pending', 5200.00, 184.79, 5015.21, 'paid', '2026-02-28 10:24:44'),
(161, 80, '2023-08-07 00:00:00', 'completed', 22200.00, 0.00, 22200.00, 'paid', '2026-02-28 10:24:44'),
(162, 83, '2023-10-30 00:00:00', 'completed', 28050.00, 0.00, 28050.00, 'paid', '2026-02-28 10:24:44'),
(163, 28, '2023-05-30 00:00:00', 'completed', 58000.00, 0.00, 58000.00, 'paid', '2026-02-28 10:24:44'),
(164, 29, '2024-05-29 00:00:00', 'completed', 29150.00, 0.00, 29150.00, 'paid', '2026-02-28 10:24:44'),
(165, 67, '2024-03-29 00:00:00', 'completed', 6100.00, 57.07, 6042.93, 'paid', '2026-02-28 10:24:44'),
(166, 8, '2023-08-25 00:00:00', 'completed', 27900.00, 8986.85, 18913.15, 'paid', '2026-02-28 10:24:44'),
(167, 10, '2023-10-02 00:00:00', 'returned', 107550.00, 664.30, 106885.70, 'paid', '2026-02-28 10:24:44'),
(168, 13, '2024-01-05 00:00:00', 'completed', 11300.00, 0.00, 11300.00, 'paid', '2026-02-28 10:24:44'),
(169, 14, '2024-02-14 00:00:00', 'completed', 8900.00, 0.00, 8900.00, 'paid', '2026-02-28 10:24:44'),
(170, 90, '2024-03-16 00:00:00', 'completed', 7950.00, 0.00, 7950.00, 'paid', '2026-02-28 10:24:44'),
(171, 52, '2023-04-30 00:00:00', 'completed', 5350.00, 0.00, 5350.00, 'paid', '2026-02-28 10:24:44'),
(172, 54, '2024-06-08 00:00:00', 'completed', 16850.00, 0.00, 16850.00, 'paid', '2026-02-28 10:24:44'),
(173, 67, '2024-03-29 00:00:00', 'returned', 19850.00, 126.61, 19723.39, 'paid', '2026-02-28 10:24:44'),
(174, 48, '2024-06-22 00:00:00', 'completed', 9750.00, 0.00, 9750.00, 'paid', '2026-02-28 10:24:44'),
(175, 2, '2024-05-01 00:00:00', 'returned', 58200.00, 0.00, 58200.00, 'paid', '2026-02-28 10:24:44'),
(176, 4, '2023-04-12 00:00:00', 'completed', 7600.00, 479.54, 7120.46, 'paid', '2026-02-28 10:24:44'),
(177, 57, '2024-04-21 00:00:00', 'completed', 2550.00, 0.00, 2550.00, 'paid', '2026-02-28 10:24:44'),
(178, 52, '2023-08-09 00:00:00', 'completed', 65000.00, 0.00, 65000.00, 'paid', '2026-02-28 10:24:44'),
(179, 68, '2024-04-07 00:00:00', 'completed', 24150.00, 0.00, 24150.00, 'paid', '2026-02-28 10:24:44'),
(180, 4, '2023-05-29 00:00:00', 'completed', 4950.00, 0.00, 4950.00, 'paid', '2026-02-28 10:24:44'),
(181, 57, '2023-11-20 00:00:00', 'pending', 7300.00, 0.00, 7300.00, 'pending', '2026-02-28 10:24:44'),
(182, 22, '2024-05-05 00:00:00', 'returned', 8400.00, 0.00, 8400.00, 'paid', '2026-02-28 10:24:44'),
(183, 91, '2024-03-21 00:00:00', 'completed', 16800.00, 0.00, 16800.00, 'paid', '2026-02-28 10:24:44'),
(184, 4, '2023-07-10 00:00:00', 'completed', 57500.00, 0.00, 57500.00, 'paid', '2026-02-28 10:24:44'),
(185, 90, '2024-03-03 00:00:00', 'completed', 3000.00, 3000.00, 0.00, 'paid', '2026-02-28 10:24:44'),
(186, 37, '2023-12-04 00:00:00', 'completed', 12400.00, 0.00, 12400.00, 'paid', '2026-02-28 10:24:44'),
(187, 10, '2024-01-19 00:00:00', 'completed', 16800.00, 2115.43, 14684.57, 'paid', '2026-02-28 10:24:44'),
(188, 41, '2024-02-28 00:00:00', 'completed', 1300.00, 0.00, 1300.00, 'paid', '2026-02-28 10:24:44'),
(189, 85, '2024-05-26 00:00:00', 'completed', 12650.00, 0.00, 12650.00, 'paid', '2026-02-28 10:24:44'),
(190, 63, '2024-03-16 00:00:00', 'pending', 64000.00, 0.00, 64000.00, 'pending', '2026-02-28 10:24:44'),
(191, 36, '2023-12-26 00:00:00', 'completed', 72700.00, 1357.65, 71342.35, 'paid', '2026-02-28 10:24:44'),
(192, 36, '2023-11-15 00:00:00', 'completed', 483.00, 47.37, 435.63, 'paid', '2026-02-28 10:24:44'),
(193, 58, '2023-09-23 00:00:00', 'returned', 26300.00, 0.00, 26300.00, 'paid', '2026-02-28 10:24:44'),
(194, 74, '2024-06-15 00:00:00', 'completed', 50000.00, 0.00, 50000.00, 'paid', '2026-02-28 10:24:44'),
(195, 37, '2024-01-23 00:00:00', 'completed', 51300.00, 0.00, 51300.00, 'paid', '2026-02-28 10:24:44'),
(196, 69, '2024-04-24 00:00:00', 'completed', 30050.00, 0.00, 30050.00, 'paid', '2026-02-28 10:24:44'),
(197, 2, '2023-03-17 00:00:00', 'completed', 12800.00, 722.69, 12077.31, 'paid', '2026-02-28 10:24:44'),
(198, 72, '2024-05-30 00:00:00', 'completed', 7000.00, 0.00, 7000.00, 'paid', '2026-02-28 10:24:44'),
(199, 25, '2024-06-15 00:00:00', 'completed', 5856.00, 0.00, 5856.00, 'paid', '2026-02-28 10:24:44'),
(200, 64, '2024-02-04 00:00:00', 'completed', 13400.00, 64.66, 13335.34, 'paid', '2026-02-28 10:24:44'),
(201, 20, '2024-04-10 00:00:00', 'pending', 11033.00, 0.00, 11033.00, 'pending', '2026-02-28 10:24:44'),
(202, 22, '2024-05-05 00:00:00', 'completed', 35550.00, 0.00, 35550.00, 'paid', '2026-02-28 10:24:44'),
(203, 11, '2023-11-11 00:00:00', 'completed', 13200.00, 0.00, 13200.00, 'paid', '2026-02-28 10:24:44'),
(204, 13, '2024-03-22 00:00:00', 'completed', 8000.00, 0.00, 8000.00, 'paid', '2026-02-28 10:24:44'),
(205, 56, '2023-08-30 00:00:00', 'completed', 4400.00, 0.00, 4400.00, 'paid', '2026-02-28 10:24:44'),
(206, 3, '2024-03-13 00:00:00', 'pending', 9650.00, 2903.10, 6746.90, 'pending', '2026-02-28 10:24:44'),
(207, 7, '2023-07-08 00:00:00', 'completed', 1200.00, 225.25, 974.75, 'paid', '2026-02-28 10:24:44'),
(208, 92, '2024-04-11 00:00:00', 'completed', 21000.00, 571.30, 20428.70, 'paid', '2026-02-28 10:24:44'),
(209, 17, '2024-03-01 00:00:00', 'completed', 5800.00, 464.65, 5335.35, 'paid', '2026-02-28 10:24:44'),
(210, 92, '2024-04-11 00:00:00', 'returned', 2650.00, 0.00, 2650.00, 'paid', '2026-02-28 10:24:44'),
(211, 1, '2024-03-06 00:00:00', 'completed', 6800.00, 0.00, 6800.00, 'paid', '2026-02-28 10:24:44'),
(212, 72, '2024-05-30 00:00:00', 'completed', 7300.00, 880.39, 6419.61, 'paid', '2026-02-28 10:24:44'),
(213, 18, '2024-03-18 00:00:00', 'completed', 15700.00, 0.00, 15700.00, 'paid', '2026-02-28 10:24:44'),
(214, 83, '2023-10-30 00:00:00', 'completed', 2650.00, 1500.40, 1149.60, 'paid', '2026-02-28 10:24:44'),
(215, 53, '2023-10-19 00:00:00', 'completed', 5800.00, 121.70, 5678.30, 'paid', '2026-02-28 10:24:44'),
(216, 1, '2024-05-09 00:00:00', 'completed', 68500.00, 0.00, 68500.00, 'paid', '2026-02-28 10:24:44'),
(217, 12, '2023-12-01 00:00:00', 'completed', 15100.00, 201.14, 14898.86, 'paid', '2026-02-28 10:24:44'),
(218, 50, '2024-06-14 00:00:00', 'completed', 13800.00, 487.08, 13312.92, 'paid', '2026-02-28 10:24:44'),
(219, 31, '2023-06-07 00:00:00', 'completed', 4900.00, 0.00, 4900.00, 'paid', '2026-02-28 10:24:44'),
(220, 39, '2024-01-25 00:00:00', 'completed', 17350.00, 141.44, 17208.56, 'paid', '2026-02-28 10:24:44'),
(221, 20, '2024-04-10 00:00:00', 'completed', 12900.00, 356.90, 12543.10, 'paid', '2026-02-28 10:24:44'),
(222, 76, '2023-05-15 00:00:00', 'completed', 4450.00, 0.00, 4450.00, 'paid', '2026-02-28 10:24:44'),
(223, 50, '2024-06-14 00:00:00', 'cancelled', 54500.00, 354.27, 54145.73, 'failed', '2026-02-28 10:24:44'),
(224, 2, '2023-04-15 00:00:00', 'pending', 2500.00, 89.13, 2410.87, 'pending', '2026-02-28 10:24:44'),
(225, 39, '2024-01-25 00:00:00', 'completed', 20800.00, 685.35, 20114.65, 'paid', '2026-02-28 10:24:44'),
(226, 52, '2023-12-29 00:00:00', 'returned', 767.00, 0.00, 767.00, 'paid', '2026-02-28 10:24:44'),
(227, 90, '2024-03-03 00:00:00', 'returned', 6500.00, 0.00, 6500.00, 'paid', '2026-02-28 10:24:44'),
(228, 71, '2024-05-18 00:00:00', 'completed', 37500.00, 0.00, 37500.00, 'paid', '2026-02-28 10:24:44'),
(229, 5, '2023-05-20 00:00:00', 'pending', 7000.00, 0.00, 7000.00, 'pending', '2026-02-28 10:24:44'),
(230, 75, '2023-04-10 00:00:00', 'completed', 800.00, 0.00, 800.00, 'paid', '2026-02-28 10:24:44'),
(231, 85, '2023-12-22 00:00:00', 'completed', 11550.00, 0.00, 11550.00, 'paid', '2026-02-28 10:24:44'),
(232, 43, '2024-03-22 00:00:00', 'completed', 50800.00, 0.00, 50800.00, 'paid', '2026-02-28 10:24:44'),
(233, 16, '2024-02-15 00:00:00', 'completed', 450.00, 0.00, 450.00, 'paid', '2026-02-28 10:24:44'),
(234, 96, '2024-06-12 00:00:00', 'pending', 1200.00, 1200.00, 0.00, 'paid', '2026-02-28 10:24:44'),
(235, 46, '2024-05-08 00:00:00', 'returned', 17000.00, 0.00, 17000.00, 'paid', '2026-02-28 10:24:44'),
(236, 69, '2024-04-24 00:00:00', 'returned', 3450.00, 3450.00, 0.00, 'paid', '2026-02-28 10:24:44'),
(237, 29, '2023-04-18 00:00:00', 'completed', 91000.00, 0.00, 91000.00, 'paid', '2026-02-28 10:24:44'),
(238, 21, '2024-04-25 00:00:00', 'completed', 54550.00, 0.00, 54550.00, 'paid', '2026-02-28 10:24:44'),
(239, 11, '2023-11-11 00:00:00', 'completed', 855.00, 0.00, 855.00, 'paid', '2026-02-28 10:24:44'),
(240, 31, '2023-11-08 00:00:00', 'completed', 101350.00, 0.00, 101350.00, 'paid', '2026-02-28 10:24:44'),
(241, 32, '2023-07-19 00:00:00', 'completed', 12000.00, 205.53, 11794.47, 'paid', '2026-02-28 10:24:44'),
(242, 68, '2024-04-07 00:00:00', 'completed', 2300.00, 0.00, 2300.00, 'paid', '2026-02-28 10:24:44'),
(243, 14, '2024-02-27 00:00:00', 'pending', 10300.00, 0.00, 10300.00, 'paid', '2026-02-28 10:24:44'),
(244, 82, '2023-09-04 00:00:00', 'completed', 12550.00, 0.00, 12550.00, 'paid', '2026-02-28 10:24:44'),
(245, 91, '2024-03-21 00:00:00', 'completed', 11650.00, 0.00, 11650.00, 'paid', '2026-02-28 10:24:44'),
(246, 40, '2024-02-12 00:00:00', 'returned', 17100.00, 4358.23, 12741.77, 'paid', '2026-02-28 10:24:44'),
(247, 46, '2024-05-01 00:00:00', 'completed', 23700.00, 0.00, 23700.00, 'paid', '2026-02-28 10:24:44'),
(248, 89, '2024-02-17 00:00:00', 'completed', 29450.00, 0.00, 29450.00, 'paid', '2026-02-28 10:24:44'),
(249, 61, '2024-03-06 00:00:00', 'completed', 84100.00, 119.45, 83980.55, 'paid', '2026-02-28 10:24:44'),
(250, 70, '2024-05-03 00:00:00', 'completed', 15800.00, 0.00, 15800.00, 'paid', '2026-02-28 10:24:44'),
(251, 7, '2023-07-08 00:00:00', 'returned', 7400.00, 0.00, 7400.00, 'paid', '2026-02-28 10:24:44'),
(252, 77, '2023-04-09 00:00:00', 'returned', 17800.00, 0.00, 17800.00, 'paid', '2026-02-28 10:24:44'),
(253, 76, '2024-05-04 00:00:00', 'completed', 55800.00, 2469.18, 53330.82, 'paid', '2026-02-28 10:24:44'),
(254, 36, '2023-11-15 00:00:00', 'completed', 42600.00, 0.00, 42600.00, 'paid', '2026-02-28 10:24:44'),
(255, 54, '2023-12-11 00:00:00', 'completed', 9929.00, 0.00, 9929.00, 'paid', '2026-02-28 10:24:44'),
(256, 63, '2024-01-18 00:00:00', 'completed', 57400.00, 279.46, 57120.54, 'paid', '2026-02-28 10:24:44'),
(257, 2, '2023-09-30 00:00:00', 'completed', 2500.00, 0.00, 2500.00, 'paid', '2026-02-28 10:24:44'),
(258, 18, '2024-05-15 00:00:00', 'completed', 7700.00, 0.00, 7700.00, 'paid', '2026-02-28 10:24:44'),
(259, 4, '2024-04-22 00:00:00', 'completed', 9100.00, 50.37, 9049.63, 'paid', '2026-02-28 10:24:44'),
(260, 67, '2024-03-29 00:00:00', 'completed', 8300.00, 0.00, 8300.00, 'paid', '2026-02-28 10:24:44'),
(261, 51, '2023-05-17 00:00:00', 'completed', 14050.00, 74.81, 13975.19, 'paid', '2026-02-28 10:24:44'),
(262, 90, '2024-03-03 00:00:00', 'pending', 7000.00, 143.51, 6856.49, 'pending', '2026-02-28 10:24:44'),
(263, 66, '2024-03-14 00:00:00', 'completed', 13800.00, 0.00, 13800.00, 'paid', '2026-02-28 10:24:44'),
(264, 78, '2023-10-21 00:00:00', 'pending', 103400.00, 1140.27, 102259.73, 'pending', '2026-02-28 10:24:44'),
(265, 39, '2024-01-25 00:00:00', 'completed', 1200.00, 0.00, 1200.00, 'paid', '2026-02-28 10:24:44'),
(266, 16, '2024-02-15 00:00:00', 'completed', 24800.00, 0.00, 24800.00, 'paid', '2026-02-28 10:24:44'),
(267, 45, '2024-04-19 00:00:00', 'completed', 11100.00, 0.00, 11100.00, 'paid', '2026-02-28 10:24:44'),
(268, 65, '2024-02-20 00:00:00', 'completed', 3600.00, 245.90, 3354.10, 'paid', '2026-02-28 10:24:44'),
(269, 36, '2023-11-15 00:00:00', 'completed', 16950.00, 0.00, 16950.00, 'paid', '2026-02-28 10:24:44'),
(270, 66, '2024-03-12 00:00:00', 'completed', 19100.00, 75.81, 19024.19, 'paid', '2026-02-28 10:24:44'),
(271, 18, '2024-03-18 00:00:00', 'completed', 14650.00, 132.33, 14517.67, 'paid', '2026-02-28 10:24:44'),
(272, 7, '2024-04-29 00:00:00', 'completed', 9250.00, 0.00, 9250.00, 'paid', '2026-02-28 10:24:44'),
(273, 15, '2024-04-24 00:00:00', 'completed', 1600.00, 0.00, 1600.00, 'paid', '2026-02-28 10:24:44'),
(274, 22, '2024-05-05 00:00:00', 'completed', 112500.00, 0.00, 112500.00, 'paid', '2026-02-28 10:24:44'),
(275, 5, '2023-08-13 00:00:00', 'completed', 6450.00, 0.00, 6450.00, 'paid', '2026-02-28 10:24:44'),
(276, 72, '2024-05-30 00:00:00', 'cancelled', 22100.00, 7706.51, 14393.49, 'failed', '2026-02-28 10:24:44'),
(277, 48, '2024-05-29 00:00:00', 'completed', 76500.00, 0.00, 76500.00, 'paid', '2026-02-28 10:24:44'),
(278, 35, '2023-10-21 00:00:00', 'completed', 3800.00, 3186.83, 613.17, 'paid', '2026-02-28 10:24:44'),
(279, 19, '2024-04-02 00:00:00', 'completed', 22800.00, 0.00, 22800.00, 'paid', '2026-02-28 10:24:44'),
(280, 87, '2024-01-16 00:00:00', 'completed', 25000.00, 0.00, 25000.00, 'paid', '2026-02-28 10:24:44'),
(281, 50, '2024-06-14 00:00:00', 'completed', 5150.00, 5150.00, 0.00, 'paid', '2026-02-28 10:24:44'),
(282, 27, '2023-11-27 00:00:00', 'completed', 16200.00, 0.00, 16200.00, 'paid', '2026-02-28 10:24:44'),
(283, 52, '2023-04-07 00:00:00', 'completed', 25700.00, 106.66, 25593.34, 'paid', '2026-02-28 10:24:44'),
(284, 61, '2023-12-19 00:00:00', 'completed', 11300.00, 0.00, 11300.00, 'paid', '2026-02-28 10:24:44'),
(285, 87, '2024-01-16 00:00:00', 'completed', 7200.00, 0.00, 7200.00, 'paid', '2026-02-28 10:24:44'),
(286, 80, '2023-07-27 00:00:00', 'completed', 6950.00, 0.00, 6950.00, 'paid', '2026-02-28 10:24:44'),
(287, 78, '2023-10-31 00:00:00', 'completed', 1800.00, 0.00, 1800.00, 'paid', '2026-02-28 10:24:44'),
(288, 19, '2024-04-02 00:00:00', 'completed', 54400.00, 128.63, 54271.37, 'paid', '2026-02-28 10:24:44'),
(289, 1, '2023-03-23 00:00:00', 'completed', 13900.00, 0.00, 13900.00, 'paid', '2026-02-28 10:24:44'),
(290, 41, '2024-02-28 00:00:00', 'completed', 18300.00, 0.00, 18300.00, 'paid', '2026-02-28 10:24:44'),
(291, 12, '2023-12-01 00:00:00', 'returned', 7500.00, 0.00, 7500.00, 'paid', '2026-02-28 10:24:44'),
(292, 3, '2023-11-06 00:00:00', 'completed', 25600.00, 0.00, 25600.00, 'paid', '2026-02-28 10:24:44'),
(293, 79, '2023-12-12 00:00:00', 'completed', 79950.00, 0.00, 79950.00, 'paid', '2026-02-28 10:24:44'),
(294, 39, '2024-01-25 00:00:00', 'completed', 7700.00, 0.00, 7700.00, 'paid', '2026-02-28 10:24:44'),
(295, 39, '2024-03-19 00:00:00', 'completed', 12200.00, 0.00, 12200.00, 'paid', '2026-02-28 10:24:44'),
(296, 63, '2024-01-18 00:00:00', 'completed', 12600.00, 1100.42, 11499.58, 'paid', '2026-02-28 10:24:44'),
(297, 80, '2023-07-27 00:00:00', 'completed', 3200.00, 0.00, 3200.00, 'paid', '2026-02-28 10:24:44'),
(298, 87, '2024-01-16 00:00:00', 'cancelled', 12200.00, 0.00, 12200.00, 'failed', '2026-02-28 10:24:44'),
(299, 40, '2024-02-12 00:00:00', 'returned', 23500.00, 0.00, 23500.00, 'paid', '2026-02-28 10:24:44'),
(300, 64, '2024-02-04 00:00:00', 'completed', 13800.00, 0.00, 13800.00, 'paid', '2026-02-28 10:24:44'),
(301, 80, '2024-06-16 00:00:00', 'completed', 1450.00, 0.00, 1450.00, 'paid', '2026-02-28 10:24:44'),
(302, 39, '2024-01-25 00:00:00', 'returned', 10000.00, 0.00, 10000.00, 'paid', '2026-02-28 10:24:44'),
(303, 75, '2024-03-02 00:00:00', 'completed', 54000.00, 0.00, 54000.00, 'paid', '2026-02-28 10:24:44'),
(304, 22, '2024-05-05 00:00:00', 'completed', 23950.00, 0.00, 23950.00, 'paid', '2026-02-28 10:24:44'),
(305, 39, '2024-01-25 00:00:00', 'completed', 74600.00, 1259.68, 73340.32, 'paid', '2026-02-28 10:24:44'),
(306, 26, '2024-05-11 00:00:00', 'completed', 16750.00, 0.00, 16750.00, 'paid', '2026-02-28 10:24:44'),
(307, 85, '2023-12-22 00:00:00', 'completed', 5450.00, 262.88, 5187.12, 'paid', '2026-02-28 10:24:44'),
(308, 71, '2024-05-18 00:00:00', 'completed', 19700.00, 500.12, 19199.88, 'paid', '2026-02-28 10:24:44'),
(309, 95, '2024-05-22 00:00:00', 'completed', 5400.00, 0.00, 5400.00, 'paid', '2026-02-28 10:24:44'),
(310, 56, '2023-07-15 00:00:00', 'cancelled', 70300.00, 0.00, 70300.00, 'failed', '2026-02-28 10:24:44'),
(311, 90, '2024-06-06 00:00:00', 'completed', 11100.00, 0.00, 11100.00, 'paid', '2026-02-28 10:24:44'),
(312, 30, '2023-10-30 00:00:00', 'returned', 14300.00, 0.00, 14300.00, 'paid', '2026-02-28 10:24:44'),
(313, 79, '2023-06-13 00:00:00', 'completed', 66850.00, 0.00, 66850.00, 'paid', '2026-02-28 10:24:44'),
(314, 36, '2024-02-10 00:00:00', 'returned', 21300.00, 0.00, 21300.00, 'paid', '2026-02-28 10:24:44'),
(315, 22, '2024-05-05 00:00:00', 'completed', 20500.00, 0.00, 20500.00, 'paid', '2026-02-28 10:24:44'),
(316, 37, '2023-12-04 00:00:00', 'completed', 32950.00, 0.00, 32950.00, 'paid', '2026-02-28 10:24:44'),
(317, 1, '2023-09-05 00:00:00', 'completed', 12200.00, 0.00, 12200.00, 'paid', '2026-02-28 10:24:44'),
(318, 74, '2024-03-24 00:00:00', 'completed', 74650.00, 0.00, 74650.00, 'paid', '2026-02-28 10:24:44'),
(319, 67, '2024-03-29 00:00:00', 'completed', 34950.00, 0.00, 34950.00, 'paid', '2026-02-28 10:24:44'),
(320, 72, '2024-05-30 00:00:00', 'completed', 129800.00, 3442.35, 126357.65, 'paid', '2026-02-28 10:24:44'),
(321, 95, '2024-05-22 00:00:00', 'completed', 31300.00, 0.00, 31300.00, 'paid', '2026-02-28 10:24:44'),
(322, 62, '2024-01-06 00:00:00', 'pending', 8600.00, 0.00, 8600.00, 'paid', '2026-02-28 10:24:44'),
(323, 2, '2023-04-06 00:00:00', 'completed', 3500.00, 3500.00, 0.00, 'paid', '2026-02-28 10:24:44'),
(324, 26, '2024-02-19 00:00:00', 'completed', 10050.00, 0.00, 10050.00, 'paid', '2026-02-28 10:24:44'),
(325, 4, '2023-04-12 00:00:00', 'returned', 22850.00, 0.00, 22850.00, 'paid', '2026-02-28 10:24:44'),
(326, 86, '2024-01-02 00:00:00', 'pending', 12350.00, 0.00, 12350.00, 'pending', '2026-02-28 10:24:44'),
(327, 11, '2024-05-10 00:00:00', 'completed', 22000.00, 377.99, 21622.01, 'paid', '2026-02-28 10:24:44'),
(328, 30, '2023-05-23 00:00:00', 'completed', 49100.00, 0.00, 49100.00, 'paid', '2026-02-28 10:24:44'),
(329, 41, '2024-02-28 00:00:00', 'cancelled', 5100.00, 0.00, 5100.00, 'failed', '2026-02-28 10:24:44'),
(330, 1, '2023-04-07 00:00:00', 'completed', 66200.00, 0.00, 66200.00, 'paid', '2026-02-28 10:24:44'),
(331, 17, '2024-03-01 00:00:00', 'completed', 28700.00, 0.00, 28700.00, 'paid', '2026-02-28 10:24:44'),
(332, 36, '2024-01-21 00:00:00', 'completed', 19500.00, 2452.63, 17047.37, 'paid', '2026-02-28 10:24:44'),
(333, 72, '2024-05-30 00:00:00', 'completed', 47700.00, 0.00, 47700.00, 'paid', '2026-02-28 10:24:44'),
(334, 7, '2023-07-08 00:00:00', 'returned', 55700.00, 0.00, 55700.00, 'paid', '2026-02-28 10:24:44'),
(335, 8, '2023-08-22 00:00:00', 'completed', 31650.00, 0.00, 31650.00, 'paid', '2026-02-28 10:24:44'),
(336, 59, '2024-06-10 00:00:00', 'completed', 17200.00, 0.00, 17200.00, 'paid', '2026-02-28 10:24:44'),
(337, 52, '2023-03-19 00:00:00', 'returned', 55350.00, 0.00, 55350.00, 'paid', '2026-02-28 10:24:44'),
(338, 94, '2024-06-29 00:00:00', 'completed', 14900.00, 3769.82, 11130.18, 'paid', '2026-02-28 10:24:44'),
(339, 21, '2024-04-25 00:00:00', 'completed', 23750.00, 246.36, 23503.64, 'paid', '2026-02-28 10:24:44'),
(340, 6, '2023-08-04 00:00:00', 'completed', 3800.00, 334.83, 3465.17, 'paid', '2026-02-28 10:24:44'),
(341, 67, '2024-03-29 00:00:00', 'completed', 10400.00, 908.47, 9491.53, 'paid', '2026-02-28 10:24:44'),
(342, 13, '2024-01-05 00:00:00', 'completed', 5100.00, 0.00, 5100.00, 'paid', '2026-02-28 10:24:44'),
(343, 20, '2024-04-10 00:00:00', 'completed', 56350.00, 80.64, 56269.36, 'paid', '2026-02-28 10:24:44'),
(344, 4, '2024-05-23 00:00:00', 'completed', 4400.00, 0.00, 4400.00, 'paid', '2026-02-28 10:24:44'),
(345, 38, '2024-01-10 00:00:00', 'completed', 14600.00, 839.71, 13760.29, 'paid', '2026-02-28 10:24:44'),
(346, 71, '2024-05-18 00:00:00', 'completed', 8800.00, 0.00, 8800.00, 'paid', '2026-02-28 10:24:44'),
(347, 24, '2024-06-02 00:00:00', 'completed', 600.00, 600.00, 0.00, 'paid', '2026-02-28 10:24:44'),
(348, 61, '2024-01-07 00:00:00', 'completed', 9400.00, 0.00, 9400.00, 'paid', '2026-02-28 10:24:44'),
(349, 45, '2024-04-19 00:00:00', 'completed', 8800.00, 0.00, 8800.00, 'paid', '2026-02-28 10:24:44'),
(350, 78, '2023-09-03 00:00:00', 'completed', 5700.00, 0.00, 5700.00, 'paid', '2026-02-28 10:24:44'),
(351, 69, '2024-06-10 00:00:00', 'completed', 2408.00, 253.82, 2154.18, 'paid', '2026-02-28 10:24:44'),
(352, 2, '2024-06-26 00:00:00', 'returned', 15500.00, 372.47, 15127.53, 'paid', '2026-02-28 10:24:44'),
(353, 88, '2024-02-01 00:00:00', 'completed', 165300.00, 0.00, 165300.00, 'paid', '2026-02-28 10:24:44'),
(354, 11, '2024-05-04 00:00:00', 'completed', 1052.00, 208.74, 843.26, 'paid', '2026-02-28 10:24:44'),
(355, 49, '2024-06-03 00:00:00', 'returned', 5800.00, 0.00, 5800.00, 'paid', '2026-02-28 10:24:44'),
(356, 64, '2024-02-10 00:00:00', 'pending', 7600.00, 0.00, 7600.00, 'pending', '2026-02-28 10:24:44'),
(357, 79, '2023-08-30 00:00:00', 'completed', 3500.00, 0.00, 3500.00, 'paid', '2026-02-28 10:24:44'),
(358, 50, '2024-06-14 00:00:00', 'completed', 18850.00, 0.00, 18850.00, 'paid', '2026-02-28 10:24:44'),
(359, 17, '2024-03-28 00:00:00', 'completed', 18100.00, 0.00, 18100.00, 'paid', '2026-02-28 10:24:44'),
(360, 26, '2023-03-12 00:00:00', 'completed', 5550.00, 0.00, 5550.00, 'paid', '2026-02-28 10:24:44'),
(361, 17, '2024-03-01 00:00:00', 'completed', 153100.00, 0.00, 153100.00, 'paid', '2026-02-28 10:24:44'),
(362, 9, '2023-09-14 00:00:00', 'completed', 2950.00, 371.67, 2578.33, 'paid', '2026-02-28 10:24:44'),
(363, 92, '2024-04-11 00:00:00', 'cancelled', 1450.00, 0.00, 1450.00, 'failed', '2026-02-28 10:24:44'),
(364, 16, '2024-02-15 00:00:00', 'completed', 2500.00, 2500.00, 0.00, 'paid', '2026-02-28 10:24:44'),
(365, 1, '2023-10-16 00:00:00', 'completed', 18000.00, 111.64, 17888.36, 'paid', '2026-02-28 10:24:44'),
(366, 75, '2023-06-11 00:00:00', 'completed', 8800.00, 3583.12, 5216.88, 'paid', '2026-02-28 10:24:44'),
(367, 17, '2024-06-10 00:00:00', 'completed', 8800.00, 421.41, 8378.59, 'paid', '2026-02-28 10:24:44'),
(368, 45, '2024-04-19 00:00:00', 'completed', 20500.00, 0.00, 20500.00, 'paid', '2026-02-28 10:24:44'),
(369, 58, '2023-09-23 00:00:00', 'pending', 1800.00, 0.00, 1800.00, 'paid', '2026-02-28 10:24:44'),
(370, 9, '2024-06-14 00:00:00', 'returned', 8400.00, 0.00, 8400.00, 'paid', '2026-02-28 10:24:44'),
(371, 79, '2024-03-13 00:00:00', 'completed', 4100.00, 0.00, 4100.00, 'paid', '2026-02-28 10:24:44'),
(372, 83, '2023-12-10 00:00:00', 'completed', 2500.00, 521.87, 1978.13, 'paid', '2026-02-28 10:24:44'),
(373, 20, '2024-04-10 00:00:00', 'completed', 3450.00, 607.91, 2842.09, 'paid', '2026-02-28 10:24:44'),
(374, 13, '2024-01-05 00:00:00', 'completed', 850.00, 0.00, 850.00, 'paid', '2026-02-28 10:24:44'),
(375, 91, '2024-06-22 00:00:00', 'completed', 39150.00, 0.00, 39150.00, 'paid', '2026-02-28 10:24:44'),
(376, 65, '2024-02-20 00:00:00', 'completed', 5400.00, 431.92, 4968.08, 'paid', '2026-02-28 10:24:44'),
(377, 87, '2024-03-07 00:00:00', 'returned', 196750.00, 0.00, 196750.00, 'paid', '2026-02-28 10:24:44'),
(378, 1, '2023-09-01 00:00:00', 'completed', 2200.00, 110.05, 2089.95, 'paid', '2026-02-28 10:24:44'),
(379, 27, '2024-03-17 00:00:00', 'completed', 6500.00, 0.00, 6500.00, 'paid', '2026-02-28 10:24:44'),
(380, 68, '2024-04-07 00:00:00', 'completed', 4800.00, 106.19, 4693.81, 'paid', '2026-02-28 10:24:44'),
(381, 79, '2024-04-14 00:00:00', 'returned', 7550.00, 363.21, 7186.79, 'paid', '2026-02-28 10:24:44'),
(382, 59, '2023-10-11 00:00:00', 'completed', 5600.00, 0.00, 5600.00, 'paid', '2026-02-28 10:24:44'),
(383, 25, '2024-06-15 00:00:00', 'completed', 28450.00, 0.00, 28450.00, 'paid', '2026-02-28 10:24:44'),
(384, 49, '2024-06-03 00:00:00', 'completed', 7650.00, 0.00, 7650.00, 'paid', '2026-02-28 10:24:44'),
(385, 64, '2024-02-04 00:00:00', 'completed', 11400.00, 1033.11, 10366.89, 'paid', '2026-02-28 10:24:44'),
(386, 17, '2024-03-01 00:00:00', 'completed', 45400.00, 5004.32, 40395.68, 'paid', '2026-02-28 10:24:44'),
(387, 93, '2024-04-28 00:00:00', 'completed', 26450.00, 0.00, 26450.00, 'paid', '2026-02-28 10:24:44'),
(388, 87, '2024-01-16 00:00:00', 'cancelled', 7600.00, 0.00, 7600.00, 'failed', '2026-02-28 10:24:44'),
(389, 20, '2024-05-13 00:00:00', 'returned', 9650.00, 298.37, 9351.63, 'paid', '2026-02-28 10:24:44'),
(390, 73, '2024-06-08 00:00:00', 'completed', 4200.00, 0.00, 4200.00, 'paid', '2026-02-28 10:24:44'),
(391, 36, '2023-11-15 00:00:00', 'returned', 34350.00, 0.00, 34350.00, 'paid', '2026-02-28 10:24:44'),
(392, 54, '2023-05-27 00:00:00', 'completed', 25400.00, 0.00, 25400.00, 'paid', '2026-02-28 10:24:44'),
(393, 36, '2023-11-15 00:00:00', 'completed', 8000.00, 326.22, 7673.78, 'paid', '2026-02-28 10:24:44'),
(394, 54, '2023-05-12 00:00:00', 'completed', 8900.00, 2810.42, 6089.58, 'paid', '2026-02-28 10:24:44'),
(395, 34, '2024-06-09 00:00:00', 'completed', 2200.00, 0.00, 2200.00, 'paid', '2026-02-28 10:24:44'),
(396, 27, '2024-01-02 00:00:00', 'pending', 48245.00, 8753.48, 39491.52, 'pending', '2026-02-28 10:24:44'),
(397, 33, '2023-09-28 00:00:00', 'completed', 32550.00, 1099.25, 31450.75, 'paid', '2026-02-28 10:24:44'),
(398, 35, '2023-10-21 00:00:00', 'completed', 5050.00, 0.00, 5050.00, 'paid', '2026-02-28 10:24:44'),
(399, 5, '2023-10-29 00:00:00', 'completed', 28650.00, 0.00, 28650.00, 'paid', '2026-02-28 10:24:44'),
(400, 33, '2023-11-29 00:00:00', 'completed', 30000.00, 0.00, 30000.00, 'paid', '2026-02-28 10:24:44'),
(401, 49, '2024-06-03 00:00:00', 'completed', 15550.00, 0.00, 15550.00, 'paid', '2026-02-28 10:24:44'),
(402, 46, '2024-05-01 00:00:00', 'returned', 10000.00, 128.31, 9871.69, 'paid', '2026-02-28 10:24:44'),
(403, 6, '2023-06-18 00:00:00', 'completed', 69900.00, 2800.95, 67099.05, 'paid', '2026-02-28 10:24:44'),
(404, 57, '2023-08-16 00:00:00', 'completed', 29650.00, 0.00, 29650.00, 'paid', '2026-02-28 10:24:44'),
(405, 82, '2023-09-04 00:00:00', 'completed', 7250.00, 0.00, 7250.00, 'paid', '2026-02-28 10:24:44'),
(406, 42, '2024-03-05 00:00:00', 'completed', 55550.00, 0.00, 55550.00, 'paid', '2026-02-28 10:24:44'),
(407, 14, '2024-01-18 00:00:00', 'completed', 5900.00, 0.00, 5900.00, 'paid', '2026-02-28 10:24:44'),
(408, 95, '2024-05-22 00:00:00', 'returned', 5000.00, 0.00, 5000.00, 'paid', '2026-02-28 10:24:44'),
(409, 19, '2024-04-02 00:00:00', 'completed', 24800.00, 1450.38, 23349.62, 'paid', '2026-02-28 10:24:44'),
(410, 37, '2023-12-09 00:00:00', 'completed', 14100.00, 0.00, 14100.00, 'paid', '2026-02-28 10:24:44'),
(411, 19, '2024-04-02 00:00:00', 'completed', 4700.00, 107.12, 4592.88, 'paid', '2026-02-28 10:24:44'),
(412, 33, '2024-04-20 00:00:00', 'completed', 110600.00, 180.79, 110419.21, 'paid', '2026-02-28 10:24:44'),
(413, 31, '2024-03-31 00:00:00', 'completed', 55150.00, 277.89, 54872.11, 'paid', '2026-02-28 10:24:44'),
(414, 94, '2024-05-09 00:00:00', 'completed', 21850.00, 0.00, 21850.00, 'paid', '2026-02-28 10:24:44');

-- --------------------------------------------------------

--
-- Table structure for table `order_items`
--

CREATE TABLE `order_items` (
  `order_item_id` bigint(20) NOT NULL,
  `order_id` bigint(20) NOT NULL,
  `product_id` bigint(20) NOT NULL,
  `quantity` int(11) NOT NULL,
  `unit_price` decimal(10,2) NOT NULL,
  `total_price` decimal(12,2) NOT NULL
) ENGINE=InnoDB DEFAULT CHARSET=utf8mb4 COLLATE=utf8mb4_general_ci;

--
-- Dumping data for table `order_items`
--

INSERT INTO `order_items` (`order_item_id`, `order_id`, `product_id`, `quantity`, `unit_price`, `total_price`) VALUES
(1, 288, 23, 1, 900.00, 900.00),
(2, 325, 1, 1, 18000.00, 18000.00),
(3, 218, 6, 4, 3000.00, 12000.00),
(4, 50, 1, 1, 18000.00, 18000.00),
(5, 55, 19, 1, 6000.00, 6000.00),
(6, 88, 4, 1, 800.00, 800.00),
(7, 278, 33, 1, 3800.00, 3800.00),
(8, 261, 10, 1, 600.00, 600.00),
(9, 313, 13, 1, 22000.00, 22000.00),
(10, 290, 10, 1, 600.00, 600.00),
(11, 291, 16, 1, 2500.00, 2500.00),
(12, 82, 7, 1, 2500.00, 2500.00),
(13, 197, 11, 1, 1800.00, 1800.00),
(14, 190, 26, 2, 700.00, 1400.00),
(15, 162, 7, 3, 2500.00, 7500.00),
(16, 36, 40, 1, 1500.00, 1500.00),
(17, 315, 35, 1, 450.00, 450.00),
(18, 245, 40, 1, 1500.00, 1500.00),
(19, 97, 20, 2, 1800.00, 3600.00),
(20, 268, 20, 1, 1800.00, 1800.00),
(21, 135, 14, 3, 9000.00, 27000.00),
(22, 410, 4, 1, 800.00, 800.00),
(23, 289, 35, 3, 450.00, 1350.00),
(24, 248, 10, 1, 600.00, 600.00),
(25, 122, 23, 1, 900.00, 900.00),
(26, 228, 34, 1, 2200.00, 2200.00),
(27, 117, 3, 1, 1500.00, 1500.00),
(28, 348, 20, 1, 1800.00, 1800.00),
(29, 397, 20, 3, 1800.00, 5400.00),
(30, 90, 16, 1, 2500.00, 2500.00),
(31, 389, 24, 4, 400.00, 1600.00),
(32, 198, 7, 1, 2500.00, 2500.00),
(33, 187, 36, 2, 650.00, 1300.00),
(34, 383, 15, 1, 3000.00, 3000.00),
(35, 48, 13, 1, 22000.00, 22000.00),
(36, 79, 37, 3, 800.00, 2400.00),
(37, 177, 24, 1, 400.00, 400.00),
(38, 249, 1, 4, 18000.00, 72000.00),
(39, 231, 11, 1, 1800.00, 1800.00),
(40, 51, 31, 1, 4000.00, 4000.00),
(41, 286, 7, 1, 2500.00, 2500.00),
(42, 83, 6, 1, 3000.00, 3000.00),
(43, 202, 12, 3, 1000.00, 3000.00),
(44, 389, 18, 1, 3500.00, 3500.00),
(45, 335, 24, 1, 400.00, 400.00),
(46, 45, 10, 2, 600.00, 1200.00),
(47, 182, 6, 1, 3000.00, 3000.00),
(48, 118, 33, 1, 3800.00, 3800.00),
(49, 175, 9, 1, 300.00, 300.00),
(50, 344, 38, 1, 950.00, 950.00),
(51, 188, 26, 1, 700.00, 700.00),
(52, 335, 28, 1, 3500.00, 3500.00),
(53, 386, 13, 1, 22000.00, 22000.00),
(54, 136, 24, 4, 400.00, 1600.00),
(55, 103, 17, 1, 2200.00, 2200.00),
(56, 68, 22, 3, 650.00, 1950.00),
(57, 406, 25, 1, 900.00, 900.00),
(58, 397, 34, 1, 2200.00, 2200.00),
(59, 26, 29, 1, 4500.00, 4500.00),
(60, 44, 20, 2, 1800.00, 3600.00),
(61, 228, 10, 4, 600.00, 2400.00),
(62, 162, 22, 1, 650.00, 650.00),
(63, 246, 7, 1, 2500.00, 2500.00),
(64, 248, 19, 1, 6000.00, 6000.00),
(65, 385, 23, 1, 900.00, 900.00),
(66, 168, 7, 1, 2500.00, 2500.00),
(67, 228, 26, 2, 700.00, 1400.00),
(68, 170, 32, 1, 5000.00, 5000.00),
(69, 55, 31, 3, 4000.00, 12000.00),
(70, 25, 34, 1, 2200.00, 2200.00),
(71, 202, 36, 2, 650.00, 1300.00),
(72, 305, 15, 3, 3000.00, 9000.00),
(73, 177, 23, 1, 900.00, 900.00),
(74, 147, 16, 1, 2500.00, 2500.00),
(75, 315, 24, 2, 400.00, 800.00),
(76, 223, 2, 1, 50000.00, 50000.00),
(77, 254, 25, 2, 900.00, 1800.00),
(78, 312, 33, 1, 3800.00, 3800.00),
(79, 389, 5, 1, 2000.00, 2000.00),
(80, 328, 23, 1, 900.00, 900.00),
(81, 137, 10, 1, 600.00, 600.00),
(82, 339, 28, 2, 3500.00, 7000.00),
(83, 333, 12, 1, 1000.00, 1000.00),
(84, 206, 37, 1, 800.00, 800.00),
(85, 310, 14, 1, 9000.00, 9000.00),
(86, 216, 13, 3, 22000.00, 66000.00),
(87, 78, 24, 4, 400.00, 1600.00),
(88, 80, 15, 1, 3000.00, 3000.00),
(89, 302, 23, 3, 900.00, 2700.00),
(90, 111, 14, 1, 9000.00, 9000.00),
(91, 257, 16, 1, 2500.00, 2500.00),
(92, 353, 40, 1, 1500.00, 1500.00),
(93, 314, 18, 2, 3500.00, 7000.00),
(94, 303, 1, 3, 18000.00, 54000.00),
(95, 134, 28, 1, 3500.00, 3500.00),
(96, 211, 4, 1, 800.00, 800.00),
(97, 101, 10, 1, 600.00, 600.00),
(98, 118, 14, 1, 9000.00, 9000.00),
(99, 244, 20, 4, 1800.00, 7200.00),
(100, 174, 25, 3, 900.00, 2700.00),
(101, 381, 20, 1, 1800.00, 1800.00),
(102, 413, 34, 2, 2200.00, 4400.00),
(103, 63, 16, 2, 2500.00, 5000.00),
(104, 353, 10, 1, 600.00, 600.00),
(105, 91, 6, 2, 3000.00, 6000.00),
(106, 73, 12, 1, 1000.00, 1000.00),
(107, 305, 25, 2, 900.00, 1800.00),
(108, 98, 1, 2, 18000.00, 36000.00),
(109, 320, 13, 1, 22000.00, 22000.00),
(110, 118, 2, 1, 50000.00, 50000.00),
(111, 48, 4, 2, 800.00, 1600.00),
(112, 71, 10, 1, 600.00, 600.00),
(113, 47, 25, 1, 900.00, 900.00),
(114, 312, 18, 3, 3500.00, 10500.00),
(115, 375, 35, 1, 450.00, 450.00),
(116, 402, 15, 1, 3000.00, 3000.00),
(117, 155, 1, 1, 18000.00, 18000.00),
(118, 358, 11, 4, 1800.00, 7200.00),
(119, 17, 16, 1, 2500.00, 2500.00),
(120, 106, 27, 1, 750.00, 750.00),
(121, 15, 9, 1, 300.00, 300.00),
(122, 49, 9, 1, 300.00, 300.00),
(123, 283, 7, 1, 2500.00, 2500.00),
(124, 320, 22, 1, 650.00, 650.00),
(125, 404, 8, 2, 500.00, 1000.00),
(126, 187, 18, 1, 3500.00, 3500.00),
(127, 240, 27, 3, 750.00, 2250.00),
(128, 123, 24, 1, 400.00, 400.00),
(129, 85, 28, 1, 3500.00, 3500.00),
(130, 154, 14, 1, 9000.00, 9000.00),
(131, 118, 23, 3, 900.00, 2700.00),
(132, 378, 24, 1, 400.00, 400.00),
(133, 49, 24, 4, 400.00, 1600.00),
(134, 73, 11, 2, 1800.00, 3600.00),
(135, 141, 22, 1, 650.00, 650.00),
(136, 124, 10, 2, 600.00, 1200.00),
(137, 114, 16, 1, 2500.00, 2500.00),
(138, 70, 9, 2, 300.00, 600.00),
(139, 176, 18, 2, 3500.00, 7000.00),
(140, 159, 26, 1, 700.00, 700.00),
(141, 247, 6, 2, 3000.00, 6000.00),
(142, 17, 32, 1, 5000.00, 5000.00),
(143, 37, 2, 1, 50000.00, 50000.00),
(144, 128, 6, 1, 3000.00, 3000.00),
(145, 286, 15, 1, 3000.00, 3000.00),
(146, 409, 7, 3, 2500.00, 7500.00),
(147, 23, 15, 1, 3000.00, 3000.00),
(148, 301, 27, 1, 750.00, 750.00),
(149, 207, 30, 1, 1200.00, 1200.00),
(150, 298, 37, 3, 800.00, 2400.00),
(151, 221, 39, 1, 1800.00, 1800.00),
(152, 161, 32, 1, 5000.00, 5000.00),
(153, 358, 14, 1, 9000.00, 9000.00),
(154, 327, 13, 1, 22000.00, 22000.00),
(155, 34, 4, 1, 800.00, 800.00),
(156, 86, 37, 1, 800.00, 800.00),
(157, 196, 36, 1, 650.00, 650.00),
(158, 377, 31, 2, 4000.00, 8000.00),
(159, 254, 3, 1, 1500.00, 1500.00),
(160, 319, 19, 3, 6000.00, 18000.00),
(161, 319, 27, 1, 750.00, 750.00),
(162, 188, 10, 1, 600.00, 600.00),
(163, 335, 32, 1, 5000.00, 5000.00),
(164, 344, 7, 1, 2500.00, 2500.00),
(165, 353, 2, 3, 50000.00, 150000.00),
(166, 245, 10, 1, 600.00, 600.00),
(167, 347, 9, 2, 300.00, 600.00),
(168, 280, 1, 1, 18000.00, 18000.00),
(169, 21, 20, 2, 1800.00, 3600.00),
(170, 152, 12, 1, 1000.00, 1000.00),
(171, 401, 18, 1, 3500.00, 3500.00),
(172, 94, 1, 1, 18000.00, 18000.00),
(173, 389, 35, 3, 450.00, 1350.00),
(174, 118, 35, 1, 450.00, 450.00),
(175, 88, 21, 1, 1200.00, 1200.00),
(176, 139, 37, 1, 800.00, 800.00),
(177, 95, 4, 2, 800.00, 1600.00),
(178, 145, 30, 3, 1200.00, 3600.00),
(179, 121, 34, 2, 2200.00, 4400.00),
(180, 18, 33, 1, 3800.00, 3800.00),
(181, 212, 20, 1, 1800.00, 1800.00),
(182, 273, 37, 2, 800.00, 1600.00),
(183, 227, 23, 1, 900.00, 900.00),
(184, 78, 36, 3, 650.00, 1950.00),
(185, 181, 23, 2, 900.00, 1800.00),
(186, 342, 40, 1, 1500.00, 1500.00),
(187, 17, 3, 1, 1500.00, 1500.00),
(188, 248, 36, 1, 650.00, 650.00),
(189, 322, 20, 2, 1800.00, 3600.00),
(190, 108, 19, 2, 6000.00, 12000.00),
(191, 384, 35, 1, 450.00, 450.00),
(192, 178, 40, 1, 1500.00, 1500.00),
(193, 80, 13, 4, 22000.00, 88000.00),
(194, 232, 2, 1, 50000.00, 50000.00),
(195, 210, 37, 1, 800.00, 800.00),
(196, 60, 40, 1, 1500.00, 1500.00),
(197, 103, 35, 1, 450.00, 450.00),
(198, 15, 22, 1, 650.00, 650.00),
(199, 22, 6, 1, 3000.00, 3000.00),
(200, 393, 31, 2, 4000.00, 8000.00),
(201, 25, 34, 4, 2200.00, 8800.00),
(202, 411, 33, 1, 3800.00, 3800.00),
(203, 270, 7, 1, 2500.00, 2500.00),
(204, 183, 27, 2, 750.00, 1500.00),
(205, 414, 1, 1, 18000.00, 18000.00),
(206, 264, 35, 1, 450.00, 450.00),
(207, 221, 20, 1, 1800.00, 1800.00),
(208, 355, 22, 2, 650.00, 1300.00),
(209, 98, 34, 1, 2200.00, 2200.00),
(210, 116, 32, 1, 5000.00, 5000.00),
(211, 295, 32, 1, 5000.00, 5000.00),
(212, 107, 26, 1, 700.00, 700.00),
(213, 43, 25, 1, 900.00, 900.00),
(214, 154, 17, 2, 2200.00, 4400.00),
(215, 87, 21, 1, 1200.00, 1200.00),
(216, 334, 2, 1, 50000.00, 50000.00),
(217, 401, 39, 3, 1800.00, 5400.00),
(218, 131, 25, 1, 900.00, 900.00),
(219, 356, 15, 2, 3000.00, 6000.00),
(220, 167, 36, 1, 650.00, 650.00),
(221, 333, 31, 1, 4000.00, 4000.00),
(222, 182, 11, 3, 1800.00, 5400.00),
(223, 283, 7, 4, 2500.00, 10000.00),
(224, 172, 7, 3, 2500.00, 7500.00),
(225, 17, 7, 4, 2500.00, 10000.00),
(226, 269, 30, 1, 1200.00, 1200.00),
(227, 176, 10, 1, 600.00, 600.00),
(228, 87, 38, 1, 950.00, 950.00),
(229, 72, 17, 3, 2200.00, 6600.00),
(230, 330, 10, 2, 600.00, 1200.00),
(231, 171, 34, 2, 2200.00, 4400.00),
(232, 228, 19, 3, 6000.00, 18000.00),
(233, 319, 12, 1, 1000.00, 1000.00),
(234, 134, 16, 1, 2500.00, 2500.00),
(235, 293, 25, 2, 900.00, 1800.00),
(236, 112, 21, 1, 1200.00, 1200.00),
(237, 78, 39, 3, 1800.00, 5400.00),
(238, 17, 7, 3, 2500.00, 7500.00),
(239, 228, 24, 1, 400.00, 400.00),
(240, 224, 11, 1, 1800.00, 1800.00),
(241, 33, 37, 2, 800.00, 1600.00),
(242, 299, 25, 1, 900.00, 900.00),
(243, 221, 18, 1, 3500.00, 3500.00),
(244, 212, 10, 1, 600.00, 600.00),
(245, 147, 28, 1, 3500.00, 3500.00),
(246, 337, 13, 2, 22000.00, 44000.00),
(247, 78, 25, 1, 900.00, 900.00),
(248, 158, 17, 2, 2200.00, 4400.00),
(249, 76, 8, 1, 500.00, 500.00),
(250, 321, 11, 1, 1800.00, 1800.00),
(251, 109, 21, 1, 1200.00, 1200.00),
(252, 24, 27, 1, 750.00, 750.00),
(253, 240, 36, 4, 650.00, 2600.00),
(254, 190, 10, 1, 600.00, 600.00),
(255, 219, 25, 1, 900.00, 900.00),
(256, 240, 31, 1, 4000.00, 4000.00),
(257, 334, 20, 1, 1800.00, 1800.00),
(258, 153, 28, 1, 3500.00, 3500.00),
(259, 256, 33, 1, 3800.00, 3800.00),
(260, 380, 21, 4, 1200.00, 4800.00),
(261, 345, 26, 1, 700.00, 700.00),
(262, 246, 28, 1, 3500.00, 3500.00),
(263, 377, 31, 1, 4000.00, 4000.00),
(264, 85, 26, 2, 700.00, 1400.00),
(265, 298, 10, 2, 600.00, 1200.00),
(266, 238, 23, 1, 900.00, 900.00),
(267, 281, 22, 1, 650.00, 650.00),
(268, 165, 39, 1, 1800.00, 1800.00),
(269, 215, 9, 1, 300.00, 300.00),
(270, 145, 34, 2, 2200.00, 4400.00),
(271, 359, 34, 1, 2200.00, 2200.00),
(272, 29, 4, 1, 800.00, 800.00),
(273, 152, 3, 2, 1500.00, 3000.00),
(274, 102, 13, 1, 22000.00, 22000.00),
(275, 325, 23, 1, 900.00, 900.00),
(276, 191, 30, 2, 1200.00, 2400.00),
(277, 330, 13, 2, 22000.00, 44000.00),
(278, 150, 14, 1, 9000.00, 9000.00),
(279, 329, 33, 1, 3800.00, 3800.00),
(280, 193, 15, 1, 3000.00, 3000.00),
(281, 34, 24, 1, 400.00, 400.00),
(282, 54, 1, 2, 18000.00, 36000.00),
(283, 173, 17, 1, 2200.00, 2200.00),
(284, 60, 38, 2, 950.00, 1900.00),
(285, 302, 26, 1, 700.00, 700.00),
(286, 209, 15, 1, 3000.00, 3000.00),
(287, 399, 13, 1, 22000.00, 22000.00),
(288, 134, 17, 1, 2200.00, 2200.00),
(289, 270, 28, 1, 3500.00, 3500.00),
(290, 306, 27, 1, 750.00, 750.00),
(291, 330, 6, 1, 3000.00, 3000.00),
(292, 82, 19, 3, 6000.00, 18000.00),
(293, 173, 36, 1, 650.00, 650.00),
(294, 362, 36, 2, 650.00, 1300.00),
(295, 259, 28, 2, 3500.00, 7000.00),
(296, 310, 35, 1, 450.00, 450.00),
(297, 180, 22, 1, 650.00, 650.00),
(298, 47, 19, 1, 6000.00, 6000.00),
(299, 356, 24, 2, 400.00, 800.00),
(300, 25, 4, 2, 800.00, 1600.00),
(301, 62, 1, 1, 18000.00, 18000.00),
(302, 213, 4, 4, 800.00, 3200.00),
(303, 173, 27, 2, 750.00, 1500.00),
(304, 310, 19, 2, 6000.00, 12000.00),
(305, 222, 17, 1, 2200.00, 2200.00),
(306, 295, 4, 2, 800.00, 1600.00),
(307, 61, 13, 1, 22000.00, 22000.00),
(308, 131, 15, 1, 3000.00, 3000.00),
(309, 300, 21, 2, 1200.00, 2400.00),
(310, 313, 10, 2, 600.00, 1200.00),
(311, 264, 4, 1, 800.00, 800.00),
(312, 107, 15, 1, 3000.00, 3000.00),
(313, 320, 2, 1, 50000.00, 50000.00),
(314, 316, 14, 3, 9000.00, 27000.00),
(315, 63, 5, 1, 2000.00, 2000.00),
(316, 130, 19, 1, 6000.00, 6000.00),
(317, 78, 15, 2, 3000.00, 6000.00),
(318, 386, 26, 4, 700.00, 2800.00),
(319, 230, 4, 1, 800.00, 800.00),
(320, 397, 26, 1, 700.00, 700.00),
(321, 237, 16, 2, 2500.00, 5000.00),
(322, 328, 30, 1, 1200.00, 1200.00),
(323, 98, 16, 1, 2500.00, 2500.00),
(324, 72, 23, 1, 900.00, 900.00),
(325, 65, 25, 1, 900.00, 900.00),
(326, 104, 21, 1, 1200.00, 1200.00),
(327, 413, 2, 1, 50000.00, 50000.00),
(328, 147, 24, 2, 400.00, 800.00),
(329, 409, 3, 4, 1500.00, 6000.00),
(330, 129, 27, 2, 750.00, 1500.00),
(331, 358, 22, 1, 650.00, 650.00),
(332, 174, 6, 1, 3000.00, 3000.00),
(333, 399, 4, 1, 800.00, 800.00),
(334, 365, 23, 3, 900.00, 2700.00),
(335, 352, 11, 1, 1800.00, 1800.00),
(336, 411, 23, 1, 900.00, 900.00),
(337, 56, 31, 1, 4000.00, 4000.00),
(338, 140, 40, 1, 1500.00, 1500.00),
(339, 91, 27, 2, 750.00, 1500.00),
(340, 313, 14, 2, 9000.00, 18000.00),
(341, 175, 23, 3, 900.00, 2700.00),
(342, 287, 37, 1, 800.00, 800.00),
(343, 248, 32, 3, 5000.00, 15000.00),
(344, 210, 23, 1, 900.00, 900.00),
(345, 180, 12, 1, 1000.00, 1000.00),
(346, 27, 33, 1, 3800.00, 3800.00),
(347, 353, 19, 2, 6000.00, 12000.00),
(348, 103, 17, 2, 2200.00, 4400.00),
(349, 228, 23, 1, 900.00, 900.00),
(350, 157, 38, 1, 950.00, 950.00),
(351, 22, 31, 2, 4000.00, 8000.00),
(352, 384, 38, 1, 950.00, 950.00),
(353, 216, 16, 1, 2500.00, 2500.00),
(354, 120, 17, 1, 2200.00, 2200.00),
(355, 253, 4, 1, 800.00, 800.00),
(356, 196, 16, 3, 2500.00, 7500.00),
(357, 326, 22, 2, 650.00, 1300.00),
(358, 82, 39, 1, 1800.00, 1800.00),
(359, 298, 34, 2, 2200.00, 4400.00),
(360, 168, 25, 2, 900.00, 1800.00),
(361, 318, 8, 1, 500.00, 500.00),
(362, 155, 25, 2, 900.00, 1800.00),
(363, 360, 35, 1, 450.00, 450.00),
(364, 274, 2, 2, 50000.00, 100000.00),
(365, 115, 29, 1, 4500.00, 4500.00),
(366, 343, 33, 3, 3800.00, 11400.00),
(367, 412, 14, 3, 9000.00, 27000.00),
(368, 306, 11, 1, 1800.00, 1800.00),
(369, 127, 37, 1, 800.00, 800.00),
(370, 61, 2, 2, 50000.00, 100000.00),
(371, 139, 40, 1, 1500.00, 1500.00),
(372, 107, 18, 2, 3500.00, 7000.00),
(373, 167, 2, 2, 50000.00, 100000.00),
(374, 220, 20, 2, 1800.00, 3600.00),
(375, 379, 17, 1, 2200.00, 2200.00),
(376, 298, 37, 2, 800.00, 1600.00),
(377, 79, 10, 4, 600.00, 2400.00),
(378, 299, 17, 1, 2200.00, 2200.00),
(379, 44, 24, 1, 400.00, 400.00),
(380, 84, 17, 1, 2200.00, 2200.00),
(381, 38, 37, 4, 800.00, 3200.00),
(382, 394, 17, 2, 2200.00, 4400.00),
(383, 358, 5, 1, 2000.00, 2000.00),
(384, 323, 8, 1, 500.00, 500.00),
(385, 36, 35, 2, 450.00, 900.00),
(386, 332, 33, 1, 3800.00, 3800.00),
(387, 235, 23, 1, 900.00, 900.00),
(388, 325, 27, 1, 750.00, 750.00),
(389, 164, 29, 2, 4500.00, 9000.00),
(390, 172, 30, 2, 1200.00, 2400.00),
(391, 364, 20, 1, 1800.00, 1800.00),
(392, 379, 3, 1, 1500.00, 1500.00),
(393, 215, 17, 1, 2200.00, 2200.00),
(394, 79, 9, 2, 300.00, 600.00),
(395, 79, 19, 1, 6000.00, 6000.00),
(396, 43, 4, 1, 800.00, 800.00),
(397, 243, 15, 1, 3000.00, 3000.00),
(398, 42, 19, 2, 6000.00, 12000.00),
(399, 168, 30, 1, 1200.00, 1200.00),
(400, 29, 37, 2, 800.00, 1600.00),
(401, 333, 6, 2, 3000.00, 6000.00),
(402, 328, 37, 1, 800.00, 800.00),
(403, 40, 21, 1, 1200.00, 1200.00),
(404, 409, 23, 1, 900.00, 900.00),
(405, 384, 23, 1, 900.00, 900.00),
(406, 118, 22, 1, 650.00, 650.00),
(407, 368, 34, 2, 2200.00, 4400.00),
(408, 154, 21, 2, 1200.00, 2400.00),
(409, 124, 11, 2, 1800.00, 3600.00),
(410, 331, 30, 1, 1200.00, 1200.00),
(411, 243, 18, 1, 3500.00, 3500.00),
(412, 267, 18, 2, 3500.00, 7000.00),
(413, 62, 15, 2, 3000.00, 6000.00),
(414, 213, 28, 1, 3500.00, 3500.00),
(415, 310, 7, 2, 2500.00, 5000.00),
(416, 318, 6, 1, 3000.00, 3000.00),
(417, 387, 39, 1, 1800.00, 1800.00),
(418, 324, 31, 1, 4000.00, 4000.00),
(419, 108, 18, 2, 3500.00, 7000.00),
(420, 383, 9, 1, 300.00, 300.00),
(421, 23, 37, 1, 800.00, 800.00),
(422, 84, 9, 2, 300.00, 600.00),
(423, 153, 36, 1, 650.00, 650.00),
(424, 238, 40, 2, 1500.00, 3000.00),
(425, 147, 38, 2, 950.00, 1900.00),
(426, 256, 14, 4, 9000.00, 36000.00),
(427, 384, 22, 3, 650.00, 1950.00),
(428, 289, 33, 1, 3800.00, 3800.00),
(429, 328, 29, 2, 4500.00, 9000.00),
(430, 100, 6, 1, 3000.00, 3000.00),
(431, 172, 37, 1, 800.00, 800.00),
(432, 34, 37, 1, 800.00, 800.00),
(433, 154, 37, 1, 800.00, 800.00),
(434, 64, 22, 2, 650.00, 1300.00),
(435, 412, 33, 2, 3800.00, 7600.00),
(436, 154, 27, 3, 750.00, 2250.00),
(437, 254, 28, 4, 3500.00, 14000.00),
(438, 277, 3, 1, 1500.00, 1500.00),
(439, 324, 21, 2, 1200.00, 2400.00),
(440, 82, 27, 1, 750.00, 750.00),
(441, 316, 38, 1, 950.00, 950.00),
(442, 360, 22, 2, 650.00, 1300.00),
(443, 299, 35, 1, 450.00, 450.00),
(444, 359, 25, 1, 900.00, 900.00),
(445, 151, 40, 2, 1500.00, 3000.00),
(446, 33, 14, 2, 9000.00, 18000.00),
(447, 123, 13, 2, 22000.00, 44000.00),
(448, 112, 32, 1, 5000.00, 5000.00),
(449, 231, 27, 1, 750.00, 750.00),
(450, 129, 9, 2, 300.00, 600.00),
(451, 178, 14, 1, 9000.00, 9000.00),
(452, 208, 31, 4, 4000.00, 16000.00),
(453, 42, 31, 2, 4000.00, 8000.00),
(454, 365, 23, 1, 900.00, 900.00),
(455, 153, 17, 2, 2200.00, 4400.00),
(456, 313, 13, 1, 22000.00, 22000.00),
(457, 48, 18, 2, 3500.00, 7000.00),
(458, 23, 28, 1, 3500.00, 3500.00),
(459, 203, 39, 1, 1800.00, 1800.00),
(460, 345, 27, 1, 750.00, 750.00),
(461, 55, 31, 2, 4000.00, 8000.00),
(462, 50, 34, 1, 2200.00, 2200.00),
(463, 64, 8, 1, 500.00, 500.00),
(464, 27, 19, 2, 6000.00, 12000.00),
(465, 276, 4, 1, 800.00, 800.00),
(466, 36, 28, 1, 3500.00, 3500.00),
(467, 269, 27, 1, 750.00, 750.00),
(468, 112, 10, 1, 600.00, 600.00),
(469, 258, 25, 1, 900.00, 900.00),
(470, 306, 3, 2, 1500.00, 3000.00),
(471, 319, 28, 2, 3500.00, 7000.00),
(472, 40, 29, 1, 4500.00, 4500.00),
(473, 118, 25, 1, 900.00, 900.00),
(474, 200, 40, 1, 1500.00, 1500.00),
(475, 211, 15, 2, 3000.00, 6000.00),
(476, 353, 30, 1, 1200.00, 1200.00),
(477, 289, 24, 3, 400.00, 1200.00),
(478, 141, 15, 1, 3000.00, 3000.00),
(479, 325, 4, 3, 800.00, 2400.00),
(480, 333, 10, 1, 600.00, 600.00),
(481, 42, 19, 2, 6000.00, 12000.00),
(482, 134, 17, 1, 2200.00, 2200.00),
(483, 260, 26, 1, 700.00, 700.00),
(484, 400, 31, 2, 4000.00, 8000.00),
(485, 414, 9, 1, 300.00, 300.00),
(486, 289, 22, 1, 650.00, 650.00),
(487, 276, 7, 4, 2500.00, 10000.00),
(488, 83, 28, 2, 3500.00, 7000.00),
(489, 385, 18, 3, 3500.00, 10500.00),
(490, 328, 1, 2, 18000.00, 36000.00),
(491, 190, 33, 2, 3800.00, 7600.00),
(492, 80, 16, 3, 2500.00, 7500.00),
(493, 328, 30, 1, 1200.00, 1200.00),
(494, 252, 19, 1, 6000.00, 6000.00),
(495, 322, 16, 1, 2500.00, 2500.00),
(496, 37, 2, 1, 50000.00, 50000.00),
(497, 162, 6, 1, 3000.00, 3000.00),
(498, 266, 3, 3, 1500.00, 4500.00),
(499, 131, 40, 2, 1500.00, 3000.00),
(500, 336, 29, 1, 4500.00, 4500.00),
(501, 59, 19, 1, 6000.00, 6000.00),
(502, 45, 9, 1, 300.00, 300.00),
(503, 325, 37, 1, 800.00, 800.00),
(504, 172, 10, 3, 600.00, 1800.00),
(505, 386, 36, 2, 650.00, 1300.00),
(506, 150, 10, 4, 600.00, 2400.00),
(507, 245, 3, 1, 1500.00, 1500.00),
(508, 282, 32, 2, 5000.00, 10000.00),
(509, 345, 23, 3, 900.00, 2700.00),
(510, 17, 18, 2, 3500.00, 7000.00),
(511, 114, 37, 2, 800.00, 1600.00),
(512, 342, 39, 2, 1800.00, 3600.00),
(513, 279, 31, 4, 4000.00, 16000.00),
(514, 152, 14, 1, 9000.00, 9000.00),
(515, 227, 10, 1, 600.00, 600.00),
(516, 331, 16, 3, 2500.00, 7500.00),
(517, 204, 34, 1, 2200.00, 2200.00),
(518, 141, 29, 2, 4500.00, 9000.00),
(519, 86, 10, 1, 600.00, 600.00),
(520, 163, 2, 1, 50000.00, 50000.00),
(521, 106, 18, 2, 3500.00, 7000.00),
(522, 271, 32, 1, 5000.00, 5000.00),
(523, 118, 11, 3, 1800.00, 5400.00),
(524, 320, 17, 2, 2200.00, 4400.00),
(525, 309, 21, 2, 1200.00, 2400.00),
(526, 203, 34, 3, 2200.00, 6600.00),
(527, 86, 15, 1, 3000.00, 3000.00),
(528, 169, 39, 2, 1800.00, 3600.00),
(529, 179, 13, 1, 22000.00, 22000.00),
(530, 167, 15, 2, 3000.00, 6000.00),
(531, 129, 13, 4, 22000.00, 88000.00),
(532, 183, 5, 2, 2000.00, 4000.00),
(533, 260, 32, 1, 5000.00, 5000.00),
(534, 301, 26, 1, 700.00, 700.00),
(535, 401, 22, 1, 650.00, 650.00),
(536, 118, 15, 1, 3000.00, 3000.00),
(537, 108, 28, 1, 3500.00, 3500.00),
(538, 404, 13, 1, 22000.00, 22000.00),
(539, 149, 28, 1, 3500.00, 3500.00),
(540, 155, 12, 1, 1000.00, 1000.00),
(541, 256, 34, 1, 2200.00, 2200.00),
(542, 382, 22, 1, 650.00, 650.00),
(543, 164, 31, 1, 4000.00, 4000.00),
(544, 37, 2, 1, 50000.00, 50000.00),
(545, 46, 34, 1, 2200.00, 2200.00),
(546, 203, 25, 2, 900.00, 1800.00),
(547, 29, 14, 4, 9000.00, 36000.00),
(548, 317, 26, 2, 700.00, 1400.00),
(549, 337, 22, 1, 650.00, 650.00),
(550, 50, 8, 2, 500.00, 1000.00),
(551, 39, 24, 2, 400.00, 800.00),
(552, 316, 11, 2, 1800.00, 3600.00),
(553, 253, 32, 1, 5000.00, 5000.00),
(554, 149, 6, 1, 3000.00, 3000.00),
(555, 223, 29, 1, 4500.00, 4500.00),
(556, 370, 10, 1, 600.00, 600.00),
(557, 214, 27, 3, 750.00, 2250.00),
(558, 35, 15, 2, 3000.00, 6000.00),
(559, 104, 40, 1, 1500.00, 1500.00),
(560, 307, 22, 1, 650.00, 650.00),
(561, 101, 29, 4, 4500.00, 18000.00),
(562, 390, 40, 1, 1500.00, 1500.00),
(563, 219, 26, 1, 700.00, 700.00),
(564, 146, 23, 1, 900.00, 900.00),
(565, 337, 25, 2, 900.00, 1800.00),
(566, 314, 31, 1, 4000.00, 4000.00),
(567, 16, 31, 2, 4000.00, 8000.00),
(568, 254, 18, 1, 3500.00, 3500.00),
(569, 355, 40, 1, 1500.00, 1500.00),
(570, 345, 38, 1, 950.00, 950.00),
(571, 126, 33, 2, 3800.00, 7600.00),
(572, 23, 2, 3, 50000.00, 150000.00),
(573, 169, 11, 1, 1800.00, 1800.00),
(574, 155, 14, 1, 9000.00, 9000.00),
(575, 297, 30, 2, 1200.00, 2400.00),
(576, 372, 37, 2, 800.00, 1600.00),
(577, 150, 15, 1, 3000.00, 3000.00),
(578, 27, 6, 3, 3000.00, 9000.00),
(579, 233, 35, 1, 450.00, 450.00),
(580, 250, 25, 1, 900.00, 900.00),
(581, 405, 17, 3, 2200.00, 6600.00),
(582, 190, 10, 1, 600.00, 600.00),
(583, 212, 17, 1, 2200.00, 2200.00),
(584, 373, 35, 4, 450.00, 1800.00),
(585, 94, 31, 3, 4000.00, 12000.00),
(586, 156, 20, 1, 1800.00, 1800.00),
(587, 66, 14, 3, 9000.00, 27000.00),
(588, 374, 24, 1, 400.00, 400.00),
(589, 309, 27, 4, 750.00, 3000.00),
(590, 258, 8, 1, 500.00, 500.00),
(591, 299, 22, 3, 650.00, 1950.00),
(592, 83, 22, 2, 650.00, 1300.00),
(593, 398, 4, 1, 800.00, 800.00),
(594, 244, 22, 1, 650.00, 650.00),
(595, 164, 6, 3, 3000.00, 9000.00),
(596, 322, 16, 1, 2500.00, 2500.00),
(597, 313, 36, 1, 650.00, 650.00),
(598, 38, 21, 1, 1200.00, 1200.00),
(599, 49, 29, 3, 4500.00, 13500.00),
(600, 113, 26, 1, 700.00, 700.00),
(601, 355, 7, 1, 2500.00, 2500.00),
(602, 149, 34, 1, 2200.00, 2200.00),
(603, 80, 18, 4, 3500.00, 14000.00),
(604, 379, 5, 1, 2000.00, 2000.00),
(605, 287, 8, 2, 500.00, 1000.00),
(606, 369, 39, 1, 1800.00, 1800.00),
(607, 155, 24, 2, 400.00, 800.00),
(608, 174, 23, 1, 900.00, 900.00),
(609, 300, 15, 3, 3000.00, 9000.00),
(610, 76, 28, 1, 3500.00, 3500.00),
(611, 334, 8, 2, 500.00, 1000.00),
(612, 274, 29, 2, 4500.00, 9000.00),
(613, 317, 8, 1, 500.00, 500.00),
(614, 100, 28, 1, 3500.00, 3500.00),
(615, 148, 35, 1, 450.00, 450.00),
(616, 241, 21, 3, 1200.00, 3600.00),
(617, 109, 32, 1, 5000.00, 5000.00),
(618, 131, 33, 3, 3800.00, 11400.00),
(619, 165, 4, 2, 800.00, 1600.00),
(620, 94, 23, 1, 900.00, 900.00),
(621, 383, 18, 1, 3500.00, 3500.00),
(622, 55, 21, 2, 1200.00, 2400.00),
(623, 46, 16, 2, 2500.00, 5000.00),
(624, 221, 16, 1, 2500.00, 2500.00),
(625, 215, 25, 1, 900.00, 900.00),
(626, 55, 25, 3, 900.00, 2700.00),
(627, 139, 33, 2, 3800.00, 7600.00),
(628, 27, 2, 1, 50000.00, 50000.00),
(629, 377, 2, 3, 50000.00, 150000.00),
(630, 383, 7, 2, 2500.00, 5000.00),
(631, 258, 22, 2, 650.00, 1300.00),
(632, 47, 13, 2, 22000.00, 44000.00),
(633, 27, 34, 2, 2200.00, 4400.00),
(634, 300, 37, 1, 800.00, 800.00),
(635, 350, 12, 4, 1000.00, 4000.00),
(636, 74, 10, 1, 600.00, 600.00),
(637, 124, 1, 1, 18000.00, 18000.00),
(638, 344, 38, 1, 950.00, 950.00),
(639, 203, 11, 1, 1800.00, 1800.00),
(640, 184, 16, 1, 2500.00, 2500.00),
(641, 136, 4, 2, 800.00, 1600.00),
(642, 43, 36, 1, 650.00, 650.00),
(643, 242, 8, 1, 500.00, 500.00),
(644, 34, 26, 1, 700.00, 700.00),
(645, 314, 21, 2, 1200.00, 2400.00),
(646, 246, 18, 1, 3500.00, 3500.00),
(647, 75, 20, 1, 1800.00, 1800.00),
(648, 251, 5, 1, 2000.00, 2000.00),
(649, 406, 17, 2, 2200.00, 4400.00),
(650, 222, 10, 1, 600.00, 600.00),
(651, 352, 19, 1, 6000.00, 6000.00),
(652, 388, 5, 1, 2000.00, 2000.00),
(653, 136, 22, 1, 650.00, 650.00),
(654, 408, 22, 4, 650.00, 2600.00),
(655, 120, 13, 2, 22000.00, 44000.00),
(656, 399, 22, 3, 650.00, 1950.00),
(657, 315, 32, 1, 5000.00, 5000.00),
(658, 410, 36, 2, 650.00, 1300.00),
(659, 345, 39, 3, 1800.00, 5400.00),
(660, 113, 40, 1, 1500.00, 1500.00),
(661, 197, 6, 2, 3000.00, 6000.00),
(662, 293, 30, 1, 1200.00, 1200.00),
(663, 180, 30, 2, 1200.00, 2400.00),
(664, 219, 23, 1, 900.00, 900.00),
(665, 35, 11, 1, 1800.00, 1800.00),
(666, 202, 4, 1, 800.00, 800.00),
(667, 159, 27, 1, 750.00, 750.00),
(668, 78, 9, 1, 300.00, 300.00),
(669, 319, 33, 2, 3800.00, 7600.00),
(670, 141, 28, 1, 3500.00, 3500.00),
(671, 213, 31, 1, 4000.00, 4000.00),
(672, 206, 30, 2, 1200.00, 2400.00),
(673, 135, 33, 2, 3800.00, 7600.00),
(674, 117, 18, 1, 3500.00, 3500.00),
(675, 77, 1, 2, 18000.00, 36000.00),
(676, 77, 23, 3, 900.00, 2700.00),
(677, 305, 4, 1, 800.00, 800.00),
(678, 125, 1, 1, 18000.00, 18000.00),
(679, 324, 8, 2, 500.00, 1000.00),
(680, 392, 20, 1, 1800.00, 1800.00),
(681, 40, 32, 1, 5000.00, 5000.00),
(682, 367, 11, 1, 1800.00, 1800.00),
(683, 37, 36, 1, 650.00, 650.00),
(684, 19, 3, 1, 1500.00, 1500.00),
(685, 37, 7, 1, 2500.00, 2500.00),
(686, 376, 11, 3, 1800.00, 5400.00),
(687, 110, 29, 1, 4500.00, 4500.00),
(688, 40, 35, 2, 450.00, 900.00),
(689, 76, 22, 1, 650.00, 650.00),
(690, 263, 25, 2, 900.00, 1800.00),
(691, 120, 14, 1, 9000.00, 9000.00),
(692, 391, 13, 1, 22000.00, 22000.00),
(693, 266, 40, 1, 1500.00, 1500.00),
(694, 122, 30, 1, 1200.00, 1200.00),
(695, 175, 37, 1, 800.00, 800.00),
(696, 317, 24, 1, 400.00, 400.00),
(697, 252, 24, 1, 400.00, 400.00),
(698, 70, 24, 1, 400.00, 400.00),
(699, 332, 18, 1, 3500.00, 3500.00),
(700, 73, 16, 2, 2500.00, 5000.00),
(701, 114, 9, 2, 300.00, 600.00),
(702, 133, 32, 1, 5000.00, 5000.00),
(703, 66, 24, 1, 400.00, 400.00),
(704, 169, 12, 1, 1000.00, 1000.00),
(705, 64, 4, 1, 800.00, 800.00),
(706, 84, 35, 1, 450.00, 450.00),
(707, 205, 17, 1, 2200.00, 2200.00),
(708, 383, 38, 1, 950.00, 950.00),
(709, 395, 17, 1, 2200.00, 2200.00),
(710, 397, 23, 1, 900.00, 900.00),
(711, 277, 13, 3, 22000.00, 66000.00),
(712, 298, 37, 1, 800.00, 800.00),
(713, 249, 22, 2, 650.00, 1300.00),
(714, 332, 17, 1, 2200.00, 2200.00),
(715, 24, 7, 1, 2500.00, 2500.00),
(716, 28, 3, 1, 1500.00, 1500.00),
(717, 413, 27, 1, 750.00, 750.00),
(718, 46, 25, 1, 900.00, 900.00),
(719, 83, 7, 1, 2500.00, 2500.00),
(720, 40, 27, 1, 750.00, 750.00),
(721, 106, 13, 1, 22000.00, 22000.00),
(722, 65, 18, 1, 3500.00, 3500.00),
(723, 317, 15, 2, 3000.00, 6000.00),
(724, 67, 18, 1, 3500.00, 3500.00),
(725, 387, 15, 2, 3000.00, 6000.00),
(726, 20, 7, 1, 2500.00, 2500.00),
(727, 375, 33, 3, 3800.00, 11400.00),
(728, 161, 26, 1, 700.00, 700.00),
(729, 56, 36, 1, 650.00, 650.00),
(730, 391, 22, 1, 650.00, 650.00),
(731, 198, 29, 1, 4500.00, 4500.00),
(732, 21, 29, 1, 4500.00, 4500.00),
(733, 232, 37, 1, 800.00, 800.00),
(734, 384, 20, 1, 1800.00, 1800.00),
(735, 295, 20, 2, 1800.00, 3600.00),
(736, 336, 17, 2, 2200.00, 4400.00),
(737, 248, 17, 1, 2200.00, 2200.00),
(738, 215, 21, 2, 1200.00, 2400.00),
(739, 262, 22, 2, 650.00, 1300.00),
(740, 41, 5, 1, 2000.00, 2000.00),
(741, 213, 7, 2, 2500.00, 5000.00),
(742, 397, 22, 1, 650.00, 650.00),
(743, 65, 14, 1, 9000.00, 9000.00),
(744, 267, 26, 1, 700.00, 700.00),
(745, 356, 4, 1, 800.00, 800.00),
(746, 377, 7, 3, 2500.00, 7500.00),
(747, 197, 32, 1, 5000.00, 5000.00),
(748, 72, 12, 1, 1000.00, 1000.00),
(749, 286, 24, 2, 400.00, 800.00),
(750, 177, 4, 1, 800.00, 800.00),
(751, 284, 8, 1, 500.00, 500.00),
(752, 282, 34, 2, 2200.00, 4400.00),
(753, 279, 4, 1, 800.00, 800.00),
(754, 412, 1, 4, 18000.00, 72000.00),
(755, 304, 18, 1, 3500.00, 3500.00),
(756, 225, 4, 2, 800.00, 1600.00),
(757, 270, 19, 1, 6000.00, 6000.00),
(758, 102, 38, 1, 950.00, 950.00),
(759, 235, 12, 1, 1000.00, 1000.00),
(760, 101, 14, 2, 9000.00, 18000.00),
(761, 234, 24, 3, 400.00, 1200.00),
(762, 189, 22, 1, 650.00, 650.00),
(763, 271, 15, 3, 3000.00, 9000.00),
(764, 131, 35, 1, 450.00, 450.00),
(765, 132, 20, 1, 1800.00, 1800.00),
(766, 58, 19, 2, 6000.00, 12000.00),
(767, 266, 14, 2, 9000.00, 18000.00),
(768, 237, 1, 4, 18000.00, 72000.00),
(769, 218, 12, 1, 1000.00, 1000.00),
(770, 281, 20, 2, 1800.00, 3600.00),
(771, 30, 36, 4, 650.00, 2600.00),
(772, 160, 7, 1, 2500.00, 2500.00),
(773, 333, 33, 2, 3800.00, 7600.00),
(774, 249, 33, 1, 3800.00, 3800.00),
(775, 73, 6, 3, 3000.00, 9000.00),
(776, 59, 16, 1, 2500.00, 2500.00),
(777, 119, 20, 1, 1800.00, 1800.00),
(778, 24, 31, 1, 4000.00, 4000.00),
(779, 246, 34, 1, 2200.00, 2200.00),
(780, 68, 32, 2, 5000.00, 10000.00),
(781, 306, 3, 2, 1500.00, 3000.00),
(782, 247, 6, 4, 3000.00, 12000.00),
(783, 318, 2, 1, 50000.00, 50000.00),
(784, 357, 16, 1, 2500.00, 2500.00),
(785, 159, 22, 1, 650.00, 650.00),
(786, 299, 14, 2, 9000.00, 18000.00),
(787, 179, 40, 1, 1500.00, 1500.00),
(788, 63, 15, 1, 3000.00, 3000.00),
(789, 54, 9, 1, 300.00, 300.00),
(790, 178, 13, 1, 22000.00, 22000.00),
(791, 87, 40, 1, 1500.00, 1500.00),
(792, 283, 39, 2, 1800.00, 3600.00),
(793, 120, 28, 1, 3500.00, 3500.00),
(794, 368, 25, 1, 900.00, 900.00),
(795, 34, 11, 2, 1800.00, 3600.00),
(796, 398, 9, 1, 300.00, 300.00),
(797, 174, 27, 1, 750.00, 750.00),
(798, 27, 26, 1, 700.00, 700.00),
(799, 135, 30, 1, 1200.00, 1200.00),
(800, 209, 30, 1, 1200.00, 1200.00),
(801, 218, 37, 1, 800.00, 800.00),
(802, 68, 15, 1, 3000.00, 3000.00),
(803, 331, 29, 1, 4500.00, 4500.00),
(804, 118, 9, 1, 300.00, 300.00),
(805, 264, 22, 1, 650.00, 650.00),
(806, 47, 29, 1, 4500.00, 4500.00),
(807, 99, 3, 4, 1500.00, 6000.00),
(808, 131, 26, 3, 700.00, 2100.00),
(809, 269, 28, 3, 3500.00, 10500.00),
(810, 319, 10, 1, 600.00, 600.00),
(811, 412, 31, 1, 4000.00, 4000.00),
(812, 384, 4, 1, 800.00, 800.00),
(813, 394, 4, 2, 800.00, 1600.00),
(814, 275, 35, 1, 450.00, 450.00),
(815, 247, 3, 1, 1500.00, 1500.00),
(816, 135, 2, 4, 50000.00, 200000.00),
(817, 235, 33, 2, 3800.00, 7600.00),
(818, 408, 30, 2, 1200.00, 2400.00),
(819, 25, 14, 4, 9000.00, 36000.00),
(820, 320, 12, 2, 1000.00, 2000.00),
(821, 306, 35, 2, 450.00, 900.00),
(822, 311, 26, 3, 700.00, 2100.00),
(823, 120, 36, 1, 650.00, 650.00),
(824, 391, 36, 2, 650.00, 1300.00),
(825, 166, 14, 2, 9000.00, 18000.00),
(826, 339, 38, 1, 950.00, 950.00),
(827, 336, 22, 1, 650.00, 650.00),
(828, 189, 19, 2, 6000.00, 12000.00),
(829, 124, 12, 1, 1000.00, 1000.00),
(830, 206, 24, 2, 400.00, 800.00),
(831, 190, 14, 3, 9000.00, 27000.00),
(832, 297, 37, 1, 800.00, 800.00),
(833, 318, 33, 2, 3800.00, 7600.00),
(834, 252, 33, 1, 3800.00, 3800.00),
(835, 272, 21, 4, 1200.00, 4800.00),
(836, 258, 5, 2, 2000.00, 4000.00),
(837, 259, 40, 1, 1500.00, 1500.00),
(838, 131, 30, 3, 1200.00, 3600.00),
(839, 240, 29, 1, 4500.00, 4500.00),
(840, 200, 8, 1, 500.00, 500.00),
(841, 187, 15, 1, 3000.00, 3000.00),
(842, 283, 29, 1, 4500.00, 4500.00),
(843, 111, 24, 1, 400.00, 400.00),
(844, 310, 38, 3, 950.00, 2850.00),
(845, 352, 10, 2, 600.00, 1200.00),
(846, 228, 34, 1, 2200.00, 2200.00),
(847, 158, 15, 1, 3000.00, 3000.00),
(848, 152, 11, 1, 1800.00, 1800.00),
(849, 128, 24, 1, 400.00, 400.00),
(850, 127, 28, 1, 3500.00, 3500.00),
(851, 120, 11, 2, 1800.00, 3600.00),
(852, 55, 23, 2, 900.00, 1800.00),
(853, 168, 34, 1, 2200.00, 2200.00),
(854, 285, 17, 1, 2200.00, 2200.00),
(855, 296, 6, 3, 3000.00, 9000.00),
(856, 128, 11, 1, 1800.00, 1800.00),
(857, 302, 10, 1, 600.00, 600.00),
(858, 128, 26, 1, 700.00, 700.00),
(859, 339, 11, 1, 1800.00, 1800.00),
(860, 355, 8, 1, 500.00, 500.00),
(861, 391, 11, 3, 1800.00, 5400.00),
(862, 163, 31, 1, 4000.00, 4000.00),
(863, 349, 15, 1, 3000.00, 3000.00),
(864, 130, 24, 1, 400.00, 400.00),
(865, 206, 21, 3, 1200.00, 3600.00),
(866, 392, 1, 1, 18000.00, 18000.00),
(867, 75, 32, 2, 5000.00, 10000.00),
(868, 318, 34, 1, 2200.00, 2200.00),
(869, 102, 14, 1, 9000.00, 9000.00),
(870, 245, 26, 2, 700.00, 1400.00),
(871, 326, 18, 2, 3500.00, 7000.00),
(872, 157, 36, 2, 650.00, 1300.00),
(873, 236, 36, 1, 650.00, 650.00),
(874, 195, 23, 2, 900.00, 1800.00),
(875, 383, 32, 1, 5000.00, 5000.00),
(876, 349, 5, 2, 2000.00, 4000.00),
(877, 204, 26, 1, 700.00, 700.00),
(878, 19, 40, 1, 1500.00, 1500.00),
(879, 265, 30, 1, 1200.00, 1200.00),
(880, 24, 27, 1, 750.00, 750.00),
(881, 390, 11, 1, 1800.00, 1800.00),
(882, 157, 20, 1, 1800.00, 1800.00),
(883, 122, 26, 1, 700.00, 700.00),
(884, 289, 19, 1, 6000.00, 6000.00),
(885, 167, 25, 1, 900.00, 900.00),
(886, 127, 6, 3, 3000.00, 9000.00),
(887, 272, 27, 3, 750.00, 2250.00),
(888, 414, 21, 1, 1200.00, 1200.00),
(889, 236, 4, 1, 800.00, 800.00),
(890, 410, 29, 1, 4500.00, 4500.00),
(891, 55, 38, 1, 950.00, 950.00),
(892, 331, 22, 2, 650.00, 1300.00),
(893, 361, 2, 3, 50000.00, 150000.00),
(894, 80, 16, 3, 2500.00, 7500.00),
(895, 98, 35, 1, 450.00, 450.00),
(896, 249, 34, 1, 2200.00, 2200.00),
(897, 320, 2, 1, 50000.00, 50000.00),
(898, 217, 40, 1, 1500.00, 1500.00),
(899, 313, 6, 1, 3000.00, 3000.00),
(900, 338, 3, 2, 1500.00, 3000.00),
(901, 261, 36, 1, 650.00, 650.00),
(902, 368, 17, 1, 2200.00, 2200.00),
(903, 277, 38, 2, 950.00, 1900.00),
(904, 307, 27, 2, 750.00, 1500.00),
(905, 187, 14, 1, 9000.00, 9000.00),
(906, 276, 4, 1, 800.00, 800.00),
(907, 274, 39, 1, 1800.00, 1800.00),
(908, 47, 26, 1, 700.00, 700.00),
(909, 195, 7, 1, 2500.00, 2500.00),
(910, 235, 29, 1, 4500.00, 4500.00),
(911, 47, 10, 2, 600.00, 1200.00),
(912, 338, 17, 2, 2200.00, 4400.00),
(913, 310, 16, 2, 2500.00, 5000.00),
(914, 131, 3, 2, 1500.00, 3000.00),
(915, 321, 6, 2, 3000.00, 6000.00),
(916, 47, 27, 1, 750.00, 750.00),
(917, 45, 12, 2, 1000.00, 2000.00),
(918, 256, 16, 2, 2500.00, 5000.00),
(919, 336, 26, 1, 700.00, 700.00),
(920, 39, 3, 1, 1500.00, 1500.00),
(921, 308, 26, 1, 700.00, 700.00),
(922, 236, 21, 1, 1200.00, 1200.00),
(923, 343, 38, 1, 950.00, 950.00),
(924, 387, 36, 1, 650.00, 650.00),
(925, 276, 18, 3, 3500.00, 10500.00),
(926, 80, 35, 2, 450.00, 900.00),
(927, 235, 6, 1, 3000.00, 3000.00),
(928, 184, 2, 1, 50000.00, 50000.00),
(929, 148, 15, 3, 3000.00, 9000.00),
(930, 175, 2, 1, 50000.00, 50000.00),
(931, 178, 13, 1, 22000.00, 22000.00),
(932, 113, 10, 3, 600.00, 1800.00),
(933, 105, 12, 2, 1000.00, 2000.00),
(934, 365, 16, 2, 2500.00, 5000.00),
(935, 336, 9, 1, 300.00, 300.00),
(936, 152, 5, 2, 2000.00, 4000.00),
(937, 19, 13, 1, 22000.00, 22000.00),
(938, 320, 27, 1, 750.00, 750.00),
(939, 249, 23, 2, 900.00, 1800.00),
(940, 119, 17, 1, 2200.00, 2200.00),
(941, 130, 26, 2, 700.00, 1400.00),
(942, 402, 18, 2, 3500.00, 7000.00),
(943, 190, 28, 3, 3500.00, 10500.00),
(944, 321, 1, 1, 18000.00, 18000.00),
(945, 40, 14, 2, 9000.00, 18000.00),
(946, 222, 8, 2, 500.00, 1000.00),
(947, 62, 21, 3, 1200.00, 3600.00),
(948, 36, 3, 2, 1500.00, 3000.00),
(949, 333, 14, 1, 9000.00, 9000.00),
(950, 293, 1, 4, 18000.00, 72000.00),
(951, 18, 31, 1, 4000.00, 4000.00),
(952, 62, 21, 3, 1200.00, 3600.00),
(953, 370, 17, 2, 2200.00, 4400.00),
(954, 290, 20, 2, 1800.00, 3600.00),
(955, 334, 34, 1, 2200.00, 2200.00),
(956, 371, 30, 3, 1200.00, 3600.00),
(957, 173, 31, 2, 4000.00, 8000.00),
(958, 161, 14, 1, 9000.00, 9000.00),
(959, 51, 2, 3, 50000.00, 150000.00),
(960, 162, 20, 3, 1800.00, 5400.00),
(961, 55, 26, 1, 700.00, 700.00),
(962, 60, 37, 1, 800.00, 800.00),
(963, 81, 27, 1, 750.00, 750.00),
(964, 72, 29, 4, 4500.00, 18000.00),
(965, 397, 33, 2, 3800.00, 7600.00),
(966, 348, 39, 2, 1800.00, 3600.00),
(967, 414, 22, 1, 650.00, 650.00),
(968, 404, 6, 2, 3000.00, 6000.00),
(969, 193, 1, 1, 18000.00, 18000.00),
(970, 332, 32, 2, 5000.00, 10000.00),
(971, 414, 24, 2, 400.00, 800.00),
(972, 16, 29, 1, 4500.00, 4500.00),
(973, 183, 18, 1, 3500.00, 3500.00),
(974, 37, 12, 1, 1000.00, 1000.00),
(975, 293, 29, 1, 4500.00, 4500.00),
(976, 333, 1, 1, 18000.00, 18000.00),
(977, 84, 17, 1, 2200.00, 2200.00),
(978, 283, 31, 1, 4000.00, 4000.00),
(979, 365, 38, 2, 950.00, 1900.00),
(980, 57, 14, 1, 9000.00, 9000.00),
(981, 280, 28, 1, 3500.00, 3500.00),
(982, 149, 23, 1, 900.00, 900.00),
(983, 73, 18, 4, 3500.00, 14000.00),
(984, 261, 33, 3, 3800.00, 11400.00),
(985, 75, 36, 3, 650.00, 1950.00),
(986, 306, 6, 2, 3000.00, 6000.00),
(987, 271, 22, 1, 650.00, 650.00),
(988, 190, 39, 1, 1800.00, 1800.00),
(989, 348, 6, 1, 3000.00, 3000.00),
(990, 364, 26, 1, 700.00, 700.00),
(991, 141, 15, 1, 3000.00, 3000.00),
(992, 58, 25, 2, 900.00, 1800.00),
(993, 162, 32, 1, 5000.00, 5000.00),
(994, 128, 20, 1, 1800.00, 1800.00),
(995, 45, 1, 2, 18000.00, 36000.00),
(996, 23, 33, 2, 3800.00, 7600.00),
(997, 304, 38, 1, 950.00, 950.00),
(998, 57, 10, 2, 600.00, 1200.00),
(999, 374, 35, 1, 450.00, 450.00),
(1000, 337, 10, 1, 600.00, 600.00),
(1001, 391, 12, 2, 1000.00, 2000.00),
(1002, 107, 21, 2, 1200.00, 2400.00),
(1003, 280, 28, 1, 3500.00, 3500.00),
(1004, 366, 31, 1, 4000.00, 4000.00),
(1005, 164, 5, 2, 2000.00, 4000.00),
(1006, 336, 33, 1, 3800.00, 3800.00),
(1007, 190, 33, 3, 3800.00, 11400.00),
(1008, 166, 17, 1, 2200.00, 2200.00),
(1009, 238, 2, 1, 50000.00, 50000.00),
(1010, 98, 11, 2, 1800.00, 3600.00),
(1011, 220, 37, 1, 800.00, 800.00),
(1012, 261, 35, 1, 450.00, 450.00),
(1013, 88, 29, 1, 4500.00, 4500.00),
(1014, 244, 16, 1, 2500.00, 2500.00),
(1015, 345, 8, 1, 500.00, 500.00),
(1016, 335, 27, 1, 750.00, 750.00),
(1017, 338, 16, 3, 2500.00, 7500.00),
(1018, 308, 14, 2, 9000.00, 18000.00),
(1019, 407, 20, 1, 1800.00, 1800.00),
(1020, 164, 36, 3, 650.00, 1950.00),
(1021, 209, 24, 4, 400.00, 1600.00),
(1022, 150, 16, 2, 2500.00, 5000.00),
(1023, 94, 30, 2, 1200.00, 2400.00),
(1024, 50, 40, 2, 1500.00, 3000.00),
(1025, 161, 7, 1, 2500.00, 2500.00),
(1026, 345, 23, 4, 900.00, 3600.00),
(1027, 251, 3, 3, 1500.00, 4500.00),
(1028, 245, 19, 1, 6000.00, 6000.00),
(1029, 159, 9, 3, 300.00, 900.00),
(1030, 145, 3, 1, 1500.00, 1500.00),
(1031, 340, 5, 1, 2000.00, 2000.00),
(1032, 359, 15, 2, 3000.00, 6000.00),
(1033, 32, 20, 1, 1800.00, 1800.00),
(1034, 153, 11, 2, 1800.00, 3600.00),
(1035, 78, 17, 1, 2200.00, 2200.00),
(1036, 183, 6, 2, 3000.00, 6000.00),
(1037, 96, 22, 1, 650.00, 650.00),
(1038, 304, 14, 1, 9000.00, 9000.00),
(1039, 19, 31, 3, 4000.00, 12000.00),
(1040, 337, 33, 1, 3800.00, 3800.00),
(1041, 166, 34, 1, 2200.00, 2200.00),
(1042, 363, 22, 1, 650.00, 650.00),
(1043, 406, 9, 1, 300.00, 300.00),
(1044, 304, 3, 1, 1500.00, 1500.00),
(1045, 57, 13, 2, 22000.00, 44000.00),
(1046, 196, 8, 3, 500.00, 1500.00),
(1047, 47, 39, 1, 1800.00, 1800.00),
(1048, 217, 29, 2, 4500.00, 9000.00),
(1049, 228, 32, 2, 5000.00, 10000.00),
(1050, 27, 5, 1, 2000.00, 2000.00),
(1051, 38, 28, 1, 3500.00, 3500.00),
(1052, 253, 2, 1, 50000.00, 50000.00),
(1053, 370, 4, 2, 800.00, 1600.00),
(1054, 155, 13, 1, 22000.00, 22000.00),
(1055, 83, 4, 2, 800.00, 1600.00),
(1056, 170, 7, 1, 2500.00, 2500.00),
(1057, 162, 28, 1, 3500.00, 3500.00),
(1058, 110, 15, 1, 3000.00, 3000.00),
(1059, 305, 1, 3, 18000.00, 54000.00),
(1060, 250, 19, 1, 6000.00, 6000.00),
(1061, 204, 34, 1, 2200.00, 2200.00),
(1062, 165, 25, 3, 900.00, 2700.00),
(1063, 148, 26, 2, 700.00, 1400.00),
(1064, 68, 18, 1, 3500.00, 3500.00),
(1065, 57, 28, 1, 3500.00, 3500.00),
(1066, 150, 31, 1, 4000.00, 4000.00),
(1067, 336, 38, 3, 950.00, 2850.00),
(1068, 137, 31, 3, 4000.00, 12000.00),
(1069, 214, 24, 1, 400.00, 400.00),
(1070, 30, 30, 1, 1200.00, 1200.00),
(1071, 349, 11, 1, 1800.00, 1800.00),
(1072, 377, 12, 2, 1000.00, 2000.00),
(1073, 331, 15, 1, 3000.00, 3000.00),
(1074, 206, 4, 2, 800.00, 1600.00),
(1075, 254, 18, 1, 3500.00, 3500.00),
(1076, 64, 8, 2, 500.00, 1000.00),
(1077, 397, 33, 2, 3800.00, 7600.00),
(1078, 30, 24, 2, 400.00, 800.00),
(1079, 50, 15, 1, 3000.00, 3000.00),
(1080, 71, 33, 2, 3800.00, 7600.00),
(1081, 169, 7, 1, 2500.00, 2500.00),
(1082, 388, 33, 1, 3800.00, 3800.00),
(1083, 70, 25, 1, 900.00, 900.00),
(1084, 149, 28, 2, 3500.00, 7000.00),
(1085, 186, 18, 2, 3500.00, 7000.00),
(1086, 359, 32, 1, 5000.00, 5000.00),
(1087, 231, 14, 1, 9000.00, 9000.00),
(1088, 46, 27, 1, 750.00, 750.00),
(1089, 383, 16, 2, 2500.00, 5000.00),
(1090, 384, 4, 1, 800.00, 800.00),
(1091, 55, 38, 1, 950.00, 950.00),
(1092, 208, 7, 2, 2500.00, 5000.00),
(1093, 386, 36, 1, 650.00, 650.00),
(1094, 166, 36, 2, 650.00, 1300.00),
(1095, 403, 2, 1, 50000.00, 50000.00),
(1096, 352, 4, 1, 800.00, 800.00),
(1097, 247, 26, 1, 700.00, 700.00),
(1098, 272, 34, 1, 2200.00, 2200.00),
(1099, 76, 18, 2, 3500.00, 7000.00),
(1100, 407, 39, 1, 1800.00, 1800.00),
(1101, 33, 5, 2, 2000.00, 4000.00),
(1102, 277, 9, 1, 300.00, 300.00),
(1103, 170, 35, 1, 450.00, 450.00),
(1104, 27, 9, 2, 300.00, 600.00),
(1105, 221, 6, 1, 3000.00, 3000.00),
(1106, 377, 38, 1, 950.00, 950.00),
(1107, 171, 38, 1, 950.00, 950.00),
(1108, 269, 40, 3, 1500.00, 4500.00),
(1109, 375, 28, 1, 3500.00, 3500.00),
(1110, 264, 2, 2, 50000.00, 100000.00),
(1111, 157, 18, 1, 3500.00, 3500.00),
(1112, 85, 13, 1, 22000.00, 22000.00),
(1113, 103, 25, 1, 900.00, 900.00),
(1114, 348, 8, 2, 500.00, 1000.00),
(1115, 89, 33, 2, 3800.00, 7600.00),
(1116, 225, 6, 2, 3000.00, 6000.00),
(1117, 316, 26, 1, 700.00, 700.00),
(1118, 52, 8, 2, 500.00, 1000.00),
(1119, 330, 1, 1, 18000.00, 18000.00),
(1120, 80, 5, 3, 2000.00, 6000.00),
(1121, 275, 19, 1, 6000.00, 6000.00),
(1122, 331, 21, 1, 1200.00, 1200.00),
(1123, 78, 4, 2, 800.00, 1600.00),
(1124, 177, 35, 1, 450.00, 450.00),
(1125, 20, 16, 1, 2500.00, 2500.00),
(1126, 283, 22, 1, 650.00, 650.00),
(1127, 206, 35, 1, 450.00, 450.00),
(1128, 357, 12, 1, 1000.00, 1000.00),
(1129, 352, 25, 3, 900.00, 2700.00),
(1130, 27, 22, 4, 650.00, 2600.00),
(1131, 160, 25, 3, 900.00, 2700.00),
(1132, 392, 11, 2, 1800.00, 3600.00),
(1133, 191, 13, 3, 22000.00, 66000.00),
(1134, 337, 29, 1, 4500.00, 4500.00),
(1135, 57, 12, 3, 1000.00, 3000.00),
(1136, 270, 30, 3, 1200.00, 3600.00),
(1137, 379, 24, 2, 400.00, 800.00),
(1138, 243, 5, 1, 2000.00, 2000.00),
(1139, 184, 7, 2, 2500.00, 5000.00),
(1140, 191, 15, 1, 3000.00, 3000.00),
(1141, 26, 24, 1, 400.00, 400.00),
(1142, 288, 17, 1, 2200.00, 2200.00),
(1143, 174, 30, 1, 1200.00, 1200.00),
(1144, 277, 5, 1, 2000.00, 2000.00),
(1145, 285, 32, 1, 5000.00, 5000.00),
(1146, 321, 3, 2, 1500.00, 3000.00),
(1147, 259, 9, 2, 300.00, 600.00),
(1148, 137, 15, 1, 3000.00, 3000.00),
(1149, 254, 1, 1, 18000.00, 18000.00),
(1150, 389, 24, 3, 400.00, 1200.00),
(1151, 268, 39, 1, 1800.00, 1800.00),
(1152, 191, 22, 2, 650.00, 1300.00),
(1153, 205, 34, 1, 2200.00, 2200.00),
(1154, 284, 23, 2, 900.00, 1800.00),
(1155, 288, 36, 2, 650.00, 1300.00),
(1156, 245, 22, 1, 650.00, 650.00),
(1157, 307, 9, 1, 300.00, 300.00),
(1158, 398, 8, 1, 500.00, 500.00),
(1159, 410, 27, 2, 750.00, 1500.00),
(1160, 244, 17, 1, 2200.00, 2200.00),
(1161, 300, 24, 4, 400.00, 1600.00),
(1162, 90, 33, 2, 3800.00, 7600.00),
(1163, 143, 26, 3, 700.00, 2100.00),
(1164, 311, 17, 2, 2200.00, 4400.00),
(1165, 341, 32, 2, 5000.00, 10000.00),
(1166, 373, 38, 1, 950.00, 950.00),
(1167, 183, 39, 1, 1800.00, 1800.00),
(1168, 346, 34, 4, 2200.00, 8800.00),
(1169, 262, 16, 2, 2500.00, 5000.00),
(1170, 63, 19, 1, 6000.00, 6000.00),
(1171, 307, 12, 3, 1000.00, 3000.00),
(1172, 179, 36, 1, 650.00, 650.00),
(1173, 249, 6, 1, 3000.00, 3000.00),
(1174, 139, 32, 1, 5000.00, 5000.00),
(1175, 399, 20, 1, 1800.00, 1800.00),
(1176, 333, 8, 3, 500.00, 1500.00),
(1177, 163, 5, 2, 2000.00, 4000.00),
(1178, 266, 24, 2, 400.00, 800.00),
(1179, 202, 13, 1, 22000.00, 22000.00),
(1180, 204, 22, 2, 650.00, 1300.00),
(1181, 314, 26, 1, 700.00, 700.00),
(1182, 398, 9, 2, 300.00, 600.00),
(1183, 398, 22, 1, 650.00, 650.00),
(1184, 53, 19, 1, 6000.00, 6000.00),
(1185, 212, 23, 3, 900.00, 2700.00),
(1186, 38, 18, 1, 3500.00, 3500.00),
(1187, 118, 35, 1, 450.00, 450.00),
(1188, 296, 20, 2, 1800.00, 3600.00),
(1189, 132, 28, 2, 3500.00, 7000.00),
(1190, 204, 36, 1, 650.00, 650.00),
(1191, 409, 16, 1, 2500.00, 2500.00),
(1192, 403, 3, 2, 1500.00, 3000.00),
(1193, 162, 30, 1, 1200.00, 1200.00),
(1194, 321, 7, 1, 2500.00, 2500.00),
(1195, 305, 14, 1, 9000.00, 9000.00),
(1196, 138, 6, 4, 3000.00, 12000.00),
(1197, 329, 36, 2, 650.00, 1300.00),
(1198, 240, 13, 4, 22000.00, 88000.00),
(1199, 16, 16, 2, 2500.00, 5000.00),
(1200, 310, 1, 2, 18000.00, 36000.00),
(1201, 88, 8, 1, 500.00, 500.00),
(1202, 298, 23, 1, 900.00, 900.00),
(1203, 318, 31, 1, 4000.00, 4000.00),
(1204, 50, 5, 2, 2000.00, 4000.00),
(1205, 246, 39, 1, 1800.00, 1800.00),
(1206, 83, 11, 1, 1800.00, 1800.00),
(1207, 22, 24, 1, 400.00, 400.00),
(1208, 224, 26, 1, 700.00, 700.00),
(1209, 390, 35, 2, 450.00, 900.00),
(1210, 251, 25, 1, 900.00, 900.00),
(1211, 217, 37, 1, 800.00, 800.00),
(1212, 262, 26, 1, 700.00, 700.00),
(1213, 317, 25, 1, 900.00, 900.00),
(1214, 121, 10, 2, 600.00, 1200.00),
(1215, 225, 33, 3, 3800.00, 11400.00),
(1216, 72, 8, 1, 500.00, 500.00),
(1217, 277, 15, 1, 3000.00, 3000.00),
(1218, 97, 17, 1, 2200.00, 2200.00),
(1219, 202, 7, 3, 2500.00, 7500.00),
(1220, 314, 39, 1, 1800.00, 1800.00),
(1221, 64, 14, 1, 9000.00, 9000.00),
(1222, 311, 25, 2, 900.00, 1800.00),
(1223, 32, 13, 3, 22000.00, 66000.00),
(1224, 151, 38, 2, 950.00, 1900.00),
(1225, 55, 14, 1, 9000.00, 9000.00),
(1226, 284, 29, 2, 4500.00, 9000.00),
(1227, 399, 25, 1, 900.00, 900.00),
(1228, 289, 25, 1, 900.00, 900.00),
(1229, 35, 16, 2, 2500.00, 5000.00),
(1230, 222, 36, 1, 650.00, 650.00),
(1231, 39, 11, 1, 1800.00, 1800.00),
(1232, 302, 19, 1, 6000.00, 6000.00),
(1233, 106, 12, 2, 1000.00, 2000.00),
(1234, 64, 35, 4, 450.00, 1800.00),
(1235, 62, 38, 1, 950.00, 950.00),
(1236, 120, 21, 3, 1200.00, 3600.00),
(1237, 147, 34, 1, 2200.00, 2200.00),
(1238, 68, 16, 3, 2500.00, 7500.00),
(1239, 386, 36, 1, 650.00, 650.00),
(1240, 121, 26, 1, 700.00, 700.00),
(1241, 406, 13, 2, 22000.00, 44000.00),
(1242, 22, 7, 1, 2500.00, 2500.00),
(1243, 69, 29, 1, 4500.00, 4500.00),
(1244, 391, 15, 1, 3000.00, 3000.00),
(1245, 39, 11, 1, 1800.00, 1800.00),
(1246, 172, 39, 2, 1800.00, 3600.00),
(1247, 37, 34, 1, 2200.00, 2200.00),
(1248, 267, 17, 1, 2200.00, 2200.00),
(1249, 227, 32, 1, 5000.00, 5000.00),
(1250, 166, 15, 1, 3000.00, 3000.00),
(1251, 64, 6, 1, 3000.00, 3000.00),
(1252, 46, 9, 2, 300.00, 600.00),
(1253, 238, 22, 1, 650.00, 650.00),
(1254, 318, 30, 2, 1200.00, 2400.00),
(1255, 85, 36, 2, 650.00, 1300.00),
(1256, 122, 8, 1, 500.00, 500.00),
(1257, 248, 7, 2, 2500.00, 5000.00),
(1258, 124, 9, 1, 300.00, 300.00),
(1259, 382, 35, 1, 450.00, 450.00),
(1260, 95, 7, 1, 2500.00, 2500.00),
(1261, 64, 12, 2, 1000.00, 2000.00),
(1262, 237, 18, 4, 3500.00, 14000.00),
(1263, 161, 16, 2, 2500.00, 5000.00),
(1264, 407, 8, 1, 500.00, 500.00),
(1265, 123, 24, 2, 400.00, 800.00),
(1266, 210, 38, 1, 950.00, 950.00),
(1267, 315, 5, 1, 2000.00, 2000.00),
(1268, 324, 12, 2, 1000.00, 2000.00),
(1269, 87, 6, 1, 3000.00, 3000.00),
(1270, 250, 25, 1, 900.00, 900.00),
(1271, 250, 29, 1, 4500.00, 4500.00),
(1272, 38, 13, 1, 22000.00, 22000.00),
(1273, 54, 25, 2, 900.00, 1800.00),
(1274, 86, 33, 2, 3800.00, 7600.00),
(1275, 407, 20, 1, 1800.00, 1800.00),
(1276, 370, 39, 1, 1800.00, 1800.00),
(1277, 149, 19, 1, 6000.00, 6000.00),
(1278, 367, 18, 2, 3500.00, 7000.00),
(1279, 256, 19, 1, 6000.00, 6000.00),
(1280, 135, 21, 1, 1200.00, 1200.00),
(1281, 135, 33, 1, 3800.00, 3800.00),
(1282, 263, 5, 3, 2000.00, 6000.00),
(1283, 298, 25, 1, 900.00, 900.00),
(1284, 394, 23, 1, 900.00, 900.00),
(1285, 404, 36, 1, 650.00, 650.00),
(1286, 264, 27, 2, 750.00, 1500.00),
(1287, 377, 11, 1, 1800.00, 1800.00),
(1288, 243, 39, 1, 1800.00, 1800.00),
(1289, 279, 19, 1, 6000.00, 6000.00),
(1290, 40, 40, 3, 1500.00, 4500.00),
(1291, 373, 26, 1, 700.00, 700.00),
(1292, 388, 23, 2, 900.00, 1800.00),
(1293, 217, 38, 4, 950.00, 3800.00),
(1294, 83, 37, 1, 800.00, 800.00),
(1295, 153, 1, 2, 18000.00, 36000.00),
(1296, 397, 7, 3, 2500.00, 7500.00),
(1297, 341, 24, 1, 400.00, 400.00),
(1298, 150, 28, 4, 3500.00, 14000.00),
(1299, 377, 13, 1, 22000.00, 22000.00),
(1300, 122, 31, 1, 4000.00, 4000.00),
(1301, 283, 35, 1, 450.00, 450.00),
(1302, 294, 26, 1, 700.00, 700.00),
(1303, 96, 28, 1, 3500.00, 3500.00),
(1304, 196, 1, 1, 18000.00, 18000.00),
(1305, 340, 20, 1, 1800.00, 1800.00),
(1306, 362, 35, 1, 450.00, 450.00),
(1307, 381, 16, 2, 2500.00, 5000.00),
(1308, 181, 31, 1, 4000.00, 4000.00),
(1309, 87, 7, 1, 2500.00, 2500.00),
(1310, 326, 27, 3, 750.00, 2250.00),
(1311, 308, 12, 1, 1000.00, 1000.00),
(1312, 405, 36, 1, 650.00, 650.00),
(1313, 282, 11, 1, 1800.00, 1800.00),
(1314, 360, 12, 1, 1000.00, 1000.00),
(1315, 112, 28, 1, 3500.00, 3500.00),
(1316, 392, 5, 1, 2000.00, 2000.00),
(1317, 61, 21, 2, 1200.00, 2400.00),
(1318, 114, 10, 1, 600.00, 600.00),
(1319, 178, 29, 2, 4500.00, 9000.00),
(1320, 286, 22, 1, 650.00, 650.00),
(1321, 27, 39, 1, 1800.00, 1800.00),
(1322, 84, 14, 1, 9000.00, 9000.00),
(1323, 250, 28, 1, 3500.00, 3500.00),
(1324, 139, 16, 1, 2500.00, 2500.00),
(1325, 204, 22, 1, 650.00, 650.00),
(1326, 19, 13, 1, 22000.00, 22000.00),
(1327, 22, 21, 1, 1200.00, 1200.00),
(1328, 261, 38, 1, 950.00, 950.00),
(1329, 118, 11, 2, 1800.00, 3600.00),
(1330, 398, 30, 1, 1200.00, 1200.00),
(1331, 148, 36, 3, 650.00, 1950.00),
(1332, 409, 28, 2, 3500.00, 7000.00),
(1333, 317, 3, 2, 1500.00, 3000.00),
(1334, 315, 27, 3, 750.00, 2250.00),
(1335, 315, 32, 2, 5000.00, 10000.00),
(1336, 112, 15, 2, 3000.00, 6000.00),
(1337, 318, 35, 1, 450.00, 450.00),
(1338, 372, 23, 1, 900.00, 900.00),
(1339, 406, 16, 2, 2500.00, 5000.00),
(1340, 63, 25, 1, 900.00, 900.00),
(1341, 175, 25, 1, 900.00, 900.00),
(1342, 368, 40, 2, 1500.00, 3000.00),
(1343, 377, 8, 1, 500.00, 500.00),
(1344, 281, 35, 2, 450.00, 900.00),
(1345, 383, 18, 1, 3500.00, 3500.00),
(1346, 343, 13, 2, 22000.00, 44000.00),
(1347, 46, 33, 1, 3800.00, 3800.00),
(1348, 101, 7, 2, 2500.00, 5000.00),
(1349, 109, 5, 1, 2000.00, 2000.00),
(1350, 371, 8, 1, 500.00, 500.00),
(1351, 263, 15, 2, 3000.00, 6000.00),
(1352, 246, 39, 2, 1800.00, 3600.00),
(1353, 403, 29, 2, 4500.00, 9000.00),
(1354, 398, 12, 1, 1000.00, 1000.00),
(1355, 294, 28, 2, 3500.00, 7000.00),
(1356, 274, 10, 2, 600.00, 1200.00),
(1357, 368, 32, 2, 5000.00, 10000.00),
(1358, 324, 22, 1, 650.00, 650.00),
(1359, 173, 15, 1, 3000.00, 3000.00),
(1360, 34, 31, 1, 4000.00, 4000.00),
(1361, 195, 13, 2, 22000.00, 44000.00),
(1362, 267, 30, 1, 1200.00, 1200.00),
(1363, 406, 9, 1, 300.00, 300.00),
(1364, 274, 8, 1, 500.00, 500.00),
(1365, 25, 26, 3, 700.00, 2100.00),
(1366, 98, 22, 2, 650.00, 1300.00),
(1367, 361, 4, 1, 800.00, 800.00),
(1368, 247, 18, 1, 3500.00, 3500.00),
(1369, 241, 33, 2, 3800.00, 7600.00),
(1370, 193, 18, 1, 3500.00, 3500.00),
(1371, 366, 37, 1, 800.00, 800.00),
(1372, 203, 30, 1, 1200.00, 1200.00),
(1373, 181, 27, 2, 750.00, 1500.00),
(1374, 52, 21, 2, 1200.00, 2400.00),
(1375, 252, 33, 2, 3800.00, 7600.00),
(1376, 220, 38, 1, 950.00, 950.00),
(1377, 386, 1, 1, 18000.00, 18000.00),
(1378, 134, 14, 2, 9000.00, 18000.00),
(1379, 293, 35, 1, 450.00, 450.00),
(1380, 381, 27, 1, 750.00, 750.00),
(1381, 82, 3, 2, 1500.00, 3000.00),
(1382, 406, 22, 1, 650.00, 650.00),
(1383, 78, 7, 1, 2500.00, 2500.00),
(1384, 256, 17, 2, 2200.00, 4400.00),
(1385, 339, 18, 4, 3500.00, 14000.00),
(1386, 304, 14, 1, 9000.00, 9000.00),
(1387, 144, 21, 1, 1200.00, 1200.00),
(1388, 164, 21, 1, 1200.00, 1200.00),
(1389, 258, 8, 2, 500.00, 1000.00),
(1390, 130, 16, 1, 2500.00, 2500.00),
(1391, 316, 26, 1, 700.00, 700.00),
(1392, 311, 26, 4, 700.00, 2800.00),
(1393, 124, 14, 1, 9000.00, 9000.00),
(1394, 314, 39, 3, 1800.00, 5400.00),
(1395, 306, 36, 2, 650.00, 1300.00),
(1396, 260, 36, 4, 650.00, 2600.00),
(1397, 204, 9, 1, 300.00, 300.00),
(1398, 96, 4, 2, 800.00, 1600.00),
(1399, 15, 38, 1, 950.00, 950.00),
(1400, 360, 26, 4, 700.00, 2800.00),
(1401, 375, 11, 1, 1800.00, 1800.00),
(1402, 121, 31, 1, 4000.00, 4000.00),
(1403, 21, 7, 1, 2500.00, 2500.00),
(1404, 194, 2, 1, 50000.00, 50000.00),
(1405, 350, 4, 1, 800.00, 800.00),
(1406, 180, 23, 1, 900.00, 900.00),
(1407, 387, 1, 1, 18000.00, 18000.00),
(1408, 121, 30, 1, 1200.00, 1200.00),
(1409, 352, 6, 1, 3000.00, 3000.00),
(1410, 71, 19, 1, 6000.00, 6000.00),
(1411, 106, 8, 3, 500.00, 1500.00),
(1412, 40, 35, 3, 450.00, 1350.00),
(1413, 166, 30, 1, 1200.00, 1200.00),
(1414, 175, 28, 1, 3500.00, 3500.00),
(1415, 295, 12, 2, 1000.00, 2000.00),
(1416, 173, 29, 1, 4500.00, 4500.00),
(1417, 107, 5, 1, 2000.00, 2000.00),
(1418, 326, 20, 1, 1800.00, 1800.00),
(1419, 318, 29, 1, 4500.00, 4500.00),
(1420, 195, 27, 4, 750.00, 3000.00),
(1421, 117, 10, 2, 600.00, 1200.00),
(1422, 190, 36, 2, 650.00, 1300.00),
(1423, 331, 32, 2, 5000.00, 10000.00),
(1424, 291, 32, 1, 5000.00, 5000.00),
(1425, 365, 16, 3, 2500.00, 7500.00),
(1426, 254, 9, 1, 300.00, 300.00),
(1427, 150, 38, 3, 950.00, 2850.00),
(1428, 153, 12, 1, 1000.00, 1000.00),
(1429, 174, 21, 1, 1200.00, 1200.00),
(1430, 403, 22, 2, 650.00, 1300.00),
(1431, 105, 25, 1, 900.00, 900.00),
(1432, 138, 4, 1, 800.00, 800.00),
(1433, 229, 18, 2, 3500.00, 7000.00),
(1434, 290, 28, 3, 3500.00, 10500.00),
(1435, 220, 14, 1, 9000.00, 9000.00),
(1436, 137, 27, 1, 750.00, 750.00),
(1437, 400, 13, 1, 22000.00, 22000.00),
(1438, 100, 9, 1, 300.00, 300.00),
(1439, 375, 13, 1, 22000.00, 22000.00),
(1440, 335, 13, 1, 22000.00, 22000.00),
(1441, 193, 39, 1, 1800.00, 1800.00),
(1442, 334, 26, 1, 700.00, 700.00),
(1443, 40, 13, 2, 22000.00, 44000.00),
(1444, 219, 10, 4, 600.00, 2400.00),
(1445, 127, 15, 1, 3000.00, 3000.00),
(1446, 172, 27, 1, 750.00, 750.00),
(1447, 64, 16, 1, 2500.00, 2500.00),
(1448, 100, 21, 3, 1200.00, 3600.00),
(1449, 185, 40, 2, 1500.00, 3000.00),
(1450, 225, 11, 1, 1800.00, 1800.00);
INSERT INTO `order_items` (`order_item_id`, `order_id`, `product_id`, `quantity`, `unit_price`, `total_price`) VALUES
(1451, 220, 15, 1, 3000.00, 3000.00),
(1452, 153, 17, 4, 2200.00, 8800.00),
(1453, 277, 23, 2, 900.00, 1800.00),
(1454, 401, 6, 2, 3000.00, 6000.00),
(1455, 221, 9, 1, 300.00, 300.00),
(1456, 35, 36, 1, 650.00, 650.00),
(1457, 270, 18, 1, 3500.00, 3500.00),
(1458, 88, 28, 2, 3500.00, 7000.00),
(1459, 399, 21, 1, 1200.00, 1200.00),
(1460, 361, 8, 1, 500.00, 500.00),
(1461, 178, 27, 2, 750.00, 1500.00),
(1462, 383, 17, 1, 2200.00, 2200.00),
(1463, 410, 6, 2, 3000.00, 6000.00),
(1464, 403, 34, 3, 2200.00, 6600.00),
(1465, 196, 37, 3, 800.00, 2400.00),
(1466, 162, 25, 2, 900.00, 1800.00),
(1467, 362, 21, 1, 1200.00, 1200.00),
(1468, 236, 37, 1, 800.00, 800.00),
(1469, 156, 26, 1, 700.00, 700.00),
(1470, 200, 33, 3, 3800.00, 11400.00),
(1471, 350, 23, 1, 900.00, 900.00),
(1472, 85, 30, 3, 1200.00, 3600.00),
(1473, 131, 12, 2, 1000.00, 2000.00),
(1474, 359, 5, 2, 2000.00, 4000.00),
(1475, 394, 5, 1, 2000.00, 2000.00),
(1476, 323, 3, 2, 1500.00, 3000.00),
(1477, 168, 39, 2, 1800.00, 3600.00),
(1478, 409, 25, 1, 900.00, 900.00),
(1479, 242, 20, 1, 1800.00, 1800.00),
(1480, 156, 18, 4, 3500.00, 14000.00),
(1481, 190, 11, 1, 1800.00, 1800.00),
(1482, 29, 15, 1, 3000.00, 3000.00),
(1483, 378, 39, 1, 1800.00, 1800.00),
(1484, 45, 22, 1, 650.00, 650.00),
(1485, 382, 29, 1, 4500.00, 4500.00),
(1486, 77, 34, 1, 2200.00, 2200.00),
(1487, 86, 36, 1, 650.00, 650.00),
(1488, 290, 20, 2, 1800.00, 3600.00),
(1489, 202, 38, 1, 950.00, 950.00),
(1490, 186, 39, 3, 1800.00, 5400.00),
(1491, 35, 29, 2, 4500.00, 9000.00),
(1492, 67, 5, 1, 2000.00, 2000.00),
(1493, 292, 21, 3, 1200.00, 3600.00),
(1494, 288, 2, 1, 50000.00, 50000.00),
(1495, 414, 35, 2, 450.00, 900.00),
(1496, 363, 37, 1, 800.00, 800.00),
(1497, 292, 13, 1, 22000.00, 22000.00),
(1498, 361, 23, 2, 900.00, 1800.00),
(1499, 241, 37, 1, 800.00, 800.00),
(1500, 366, 31, 1, 4000.00, 4000.00);

-- --------------------------------------------------------

--
-- Table structure for table `payments`
--

CREATE TABLE `payments` (
  `payment_id` bigint(20) NOT NULL,
  `order_id` bigint(20) NOT NULL,
  `payment_method` varchar(50) DEFAULT NULL,
  `payment_status` enum('success','failed','refunded') NOT NULL,
  `transaction_date` datetime NOT NULL,
  `amount_paid` decimal(12,2) NOT NULL
) ENGINE=InnoDB DEFAULT CHARSET=utf8mb4 COLLATE=utf8mb4_general_ci;

--
-- Dumping data for table `payments`
--

INSERT INTO `payments` (`payment_id`, `order_id`, `payment_method`, `payment_status`, `transaction_date`, `amount_paid`) VALUES
(1, 170, 'Credit Card', 'success', '2023-11-27 00:00:00', 7712.00),
(2, 125, 'Credit Card', 'success', '2023-04-07 00:00:00', 28478.00),
(3, 248, 'Credit Card', 'failed', '2024-02-08 00:00:00', 0.00),
(4, 64, 'Credit Card', 'success', '2023-09-12 00:00:00', 29360.00),
(5, 163, 'Credit Card', 'success', '2023-09-01 00:00:00', 49055.00),
(6, 317, 'Credit Card', 'success', '2023-02-25 00:00:00', 1648.00),
(7, 228, 'Debit Card', 'success', '2024-04-20 00:00:00', 38735.00),
(8, 277, 'Credit Card', 'success', '2023-04-14 00:00:00', 27564.00),
(9, 126, 'Wallet', 'success', '2023-12-14 00:00:00', 29788.00),
(10, 74, 'Debit Card', 'failed', '2023-07-22 00:00:00', 0.00),
(11, 175, 'Debit Card', 'refunded', '2024-01-28 00:00:00', 4333.00),
(12, 56, 'Net Banking', 'success', '2024-03-03 00:00:00', 18946.00),
(13, 226, 'UPI', 'success', '2023-07-04 00:00:00', 26401.00),
(14, 403, 'Wallet', 'refunded', '2023-04-05 00:00:00', 4087.00),
(15, 99, 'UPI', 'success', '2023-11-29 00:00:00', 16132.00),
(16, 212, 'UPI', 'success', '2023-08-23 00:00:00', 21678.00),
(17, 159, 'Debit Card', 'success', '2024-02-09 00:00:00', 32753.00),
(18, 389, 'Credit Card', 'success', '2024-06-05 00:00:00', 11645.00),
(19, 98, 'Debit Card', 'success', '2023-10-30 00:00:00', 33486.00),
(20, 26, 'Credit Card', 'success', '2024-03-16 00:00:00', 23452.00),
(21, 378, 'Wallet', 'success', '2024-06-25 00:00:00', 35547.00),
(22, 65, 'Credit Card', 'success', '2024-01-03 00:00:00', 19549.00),
(23, 384, 'UPI', 'success', '2023-11-21 00:00:00', 719.00),
(24, 231, 'Credit Card', 'success', '2024-06-18 00:00:00', 41187.00),
(25, 146, 'Net Banking', 'success', '2023-07-10 00:00:00', 21198.00),
(26, 313, 'Credit Card', 'success', '2023-09-01 00:00:00', 32092.00),
(27, 373, 'Debit Card', 'success', '2023-09-24 00:00:00', 32391.00),
(28, 53, 'Net Banking', 'success', '2023-06-08 00:00:00', 45298.00),
(29, 286, 'Credit Card', 'failed', '2023-10-07 00:00:00', 0.00),
(30, 185, 'Debit Card', 'success', '2023-02-01 00:00:00', 44111.00),
(31, 225, 'UPI', 'success', '2024-05-15 00:00:00', 25020.00),
(32, 408, 'UPI', 'success', '2023-03-08 00:00:00', 23260.00),
(33, 317, 'UPI', 'success', '2023-11-26 00:00:00', 22364.00),
(34, 199, 'UPI', 'failed', '2023-03-22 00:00:00', 0.00),
(35, 273, 'UPI', 'success', '2023-03-09 00:00:00', 28575.00),
(36, 192, 'Debit Card', 'success', '2023-12-24 00:00:00', 23191.00),
(37, 285, 'Credit Card', 'success', '2023-08-14 00:00:00', 9716.00),
(38, 56, 'Wallet', 'success', '2024-04-03 00:00:00', 42822.00),
(39, 239, 'Wallet', 'success', '2024-03-05 00:00:00', 33268.00),
(40, 352, 'Debit Card', 'success', '2023-09-27 00:00:00', 18581.00),
(41, 295, 'Credit Card', 'success', '2023-10-02 00:00:00', 9311.00),
(42, 87, 'UPI', 'success', '2024-04-27 00:00:00', 45723.00),
(43, 261, 'Credit Card', 'success', '2023-04-29 00:00:00', 22334.00),
(44, 216, 'Credit Card', 'success', '2023-09-26 00:00:00', 29935.00),
(45, 98, 'Debit Card', 'success', '2024-04-16 00:00:00', 46143.00),
(46, 251, 'Credit Card', 'success', '2024-04-05 00:00:00', 4245.00),
(47, 51, 'UPI', 'success', '2024-03-02 00:00:00', 12247.00),
(48, 383, 'Debit Card', 'failed', '2023-12-19 00:00:00', 0.00),
(49, 253, 'Credit Card', 'success', '2023-10-05 00:00:00', 36005.00),
(50, 15, 'UPI', 'success', '2024-03-31 00:00:00', 27733.00),
(51, 318, 'Credit Card', 'success', '2024-05-01 00:00:00', 18184.00),
(52, 229, 'UPI', 'success', '2024-06-21 00:00:00', 1906.00),
(53, 198, 'Wallet', 'success', '2024-05-25 00:00:00', 37153.00),
(54, 374, 'UPI', 'success', '2023-11-25 00:00:00', 19159.00),
(55, 242, 'Wallet', 'success', '2023-12-12 00:00:00', 25324.00),
(56, 285, 'UPI', 'success', '2023-07-15 00:00:00', 37542.00),
(57, 249, 'Credit Card', 'success', '2023-08-22 00:00:00', 6676.00),
(58, 152, 'Net Banking', 'success', '2024-04-17 00:00:00', 28460.00),
(59, 409, 'Debit Card', 'refunded', '2024-05-14 00:00:00', 15504.00),
(60, 145, 'Net Banking', 'success', '2023-05-25 00:00:00', 38997.00),
(61, 32, 'Wallet', 'failed', '2024-06-22 00:00:00', 0.00),
(62, 92, 'UPI', 'success', '2023-02-03 00:00:00', 37487.00),
(63, 134, 'Net Banking', 'success', '2023-12-15 00:00:00', 28272.00),
(64, 39, 'Credit Card', 'success', '2023-03-17 00:00:00', 35586.00),
(65, 405, 'Wallet', 'success', '2024-01-17 00:00:00', 8846.00),
(66, 344, 'UPI', 'success', '2023-01-26 00:00:00', 21107.00),
(67, 59, 'Debit Card', 'success', '2024-06-13 00:00:00', 29709.00),
(68, 280, 'Credit Card', 'success', '2023-01-19 00:00:00', 21191.00),
(69, 243, 'Credit Card', 'success', '2023-04-21 00:00:00', 1649.00),
(70, 279, 'UPI', 'success', '2023-05-27 00:00:00', 31437.00),
(71, 127, 'Credit Card', 'success', '2024-03-06 00:00:00', 44787.00),
(72, 32, 'UPI', 'success', '2024-06-15 00:00:00', 9571.00),
(73, 261, 'Credit Card', 'success', '2023-11-16 00:00:00', 18241.00),
(74, 396, 'Credit Card', 'success', '2024-01-30 00:00:00', 33846.00),
(75, 312, 'Credit Card', 'success', '2023-05-28 00:00:00', 10616.00),
(76, 406, 'Debit Card', 'refunded', '2024-02-13 00:00:00', 3117.00),
(77, 143, 'UPI', 'success', '2023-07-20 00:00:00', 22701.00),
(78, 395, 'Debit Card', 'success', '2023-01-31 00:00:00', 14273.00),
(79, 188, 'Credit Card', 'success', '2023-06-30 00:00:00', 19085.00),
(80, 345, 'Debit Card', 'success', '2023-10-19 00:00:00', 14157.00),
(81, 166, 'UPI', 'success', '2024-04-01 00:00:00', 37160.00),
(82, 286, 'UPI', 'success', '2023-11-14 00:00:00', 32903.00),
(83, 144, 'Credit Card', 'refunded', '2024-05-12 00:00:00', 11819.00),
(84, 43, 'Debit Card', 'failed', '2024-05-20 00:00:00', 0.00),
(85, 242, 'Credit Card', 'success', '2024-01-15 00:00:00', 40964.00),
(86, 214, 'UPI', 'success', '2023-01-23 00:00:00', 7516.00),
(87, 143, 'Credit Card', 'success', '2023-07-31 00:00:00', 24875.00),
(88, 338, 'Debit Card', 'success', '2024-02-16 00:00:00', 32088.00),
(89, 230, 'Credit Card', 'success', '2023-05-27 00:00:00', 16309.00),
(90, 342, 'UPI', 'failed', '2023-03-26 00:00:00', 0.00),
(91, 413, 'Wallet', 'success', '2023-08-15 00:00:00', 6726.00),
(92, 41, 'UPI', 'success', '2023-01-27 00:00:00', 16222.00),
(93, 64, 'Credit Card', 'success', '2023-08-15 00:00:00', 40043.00),
(94, 388, 'UPI', 'success', '2023-08-20 00:00:00', 42873.00),
(95, 179, 'Credit Card', 'success', '2023-12-25 00:00:00', 49482.00),
(96, 40, 'UPI', 'success', '2023-10-02 00:00:00', 24830.00),
(97, 100, 'UPI', 'success', '2023-04-11 00:00:00', 15129.00),
(98, 273, 'Debit Card', 'success', '2023-05-12 00:00:00', 23432.00),
(99, 210, 'Wallet', 'success', '2023-01-18 00:00:00', 26701.00),
(100, 58, 'Debit Card', 'success', '2023-02-22 00:00:00', 37472.00),
(101, 164, 'UPI', 'success', '2023-10-13 00:00:00', 14603.00),
(102, 197, 'UPI', 'success', '2023-01-17 00:00:00', 49783.00),
(103, 320, 'UPI', 'success', '2024-05-04 00:00:00', 42687.00),
(104, 335, 'Credit Card', 'success', '2023-01-29 00:00:00', 16520.00),
(105, 28, 'UPI', 'success', '2024-03-21 00:00:00', 45156.00),
(106, 15, 'Wallet', 'success', '2023-06-27 00:00:00', 12168.00),
(107, 131, 'Debit Card', 'success', '2023-01-11 00:00:00', 4732.00),
(108, 303, 'UPI', 'success', '2023-10-05 00:00:00', 11667.00),
(109, 350, 'UPI', 'success', '2024-02-14 00:00:00', 38965.00),
(110, 178, 'Debit Card', 'failed', '2023-12-24 00:00:00', 0.00),
(111, 330, 'UPI', 'success', '2023-09-23 00:00:00', 13057.00),
(112, 169, 'Debit Card', 'success', '2023-03-09 00:00:00', 14776.00),
(113, 184, 'Debit Card', 'success', '2024-04-20 00:00:00', 28261.00),
(114, 182, 'Credit Card', 'success', '2023-02-17 00:00:00', 21862.00),
(115, 158, 'UPI', 'success', '2023-11-23 00:00:00', 30327.00),
(116, 209, 'Credit Card', 'success', '2024-03-20 00:00:00', 4433.00),
(117, 137, 'Debit Card', 'success', '2023-11-02 00:00:00', 17662.00),
(118, 74, 'UPI', 'success', '2023-06-12 00:00:00', 20831.00),
(119, 269, 'Credit Card', 'success', '2023-01-26 00:00:00', 26095.00),
(120, 340, 'Wallet', 'success', '2023-03-08 00:00:00', 17905.00),
(121, 216, 'Net Banking', 'success', '2024-01-06 00:00:00', 35411.00),
(122, 333, 'UPI', 'success', '2023-08-17 00:00:00', 20578.00),
(123, 182, 'Credit Card', 'success', '2023-11-19 00:00:00', 18410.00),
(124, 63, 'Credit Card', 'success', '2023-09-26 00:00:00', 32405.00),
(125, 132, 'Net Banking', 'success', '2024-06-23 00:00:00', 5580.00),
(126, 318, 'Debit Card', 'refunded', '2023-05-30 00:00:00', 2770.00),
(127, 238, 'Credit Card', 'success', '2023-12-19 00:00:00', 11407.00),
(128, 299, 'Credit Card', 'success', '2023-06-07 00:00:00', 20783.00),
(129, 374, 'Credit Card', 'success', '2024-06-27 00:00:00', 21070.00),
(130, 378, 'Credit Card', 'failed', '2023-04-15 00:00:00', 0.00),
(131, 206, 'UPI', 'success', '2023-09-22 00:00:00', 8077.00),
(132, 228, 'Debit Card', 'success', '2024-06-17 00:00:00', 12609.00),
(133, 357, 'UPI', 'success', '2024-01-01 00:00:00', 40827.00),
(134, 112, 'Debit Card', 'success', '2024-02-18 00:00:00', 47278.00),
(135, 210, 'Credit Card', 'refunded', '2024-01-22 00:00:00', 3214.00),
(136, 204, 'Net Banking', 'success', '2023-05-14 00:00:00', 41477.00),
(137, 324, 'Wallet', 'success', '2024-01-27 00:00:00', 32617.00),
(138, 385, 'Net Banking', 'success', '2024-03-19 00:00:00', 29151.00),
(139, 290, 'Credit Card', 'refunded', '2024-01-30 00:00:00', 3815.00),
(140, 146, 'Credit Card', 'success', '2023-09-06 00:00:00', 11670.00),
(141, 261, 'Net Banking', 'success', '2024-03-02 00:00:00', 48378.00),
(142, 63, 'Credit Card', 'success', '2023-09-06 00:00:00', 12969.00),
(143, 283, 'Credit Card', 'success', '2024-01-29 00:00:00', 10697.00),
(144, 205, 'Credit Card', 'success', '2023-09-08 00:00:00', 49822.00),
(145, 279, 'Credit Card', 'success', '2023-08-28 00:00:00', 12576.00),
(146, 219, 'UPI', 'refunded', '2024-05-02 00:00:00', 9500.00),
(147, 57, 'Debit Card', 'success', '2024-03-12 00:00:00', 6809.00),
(148, 362, 'Credit Card', 'success', '2023-05-12 00:00:00', 1326.00),
(149, 394, 'Credit Card', 'success', '2024-01-18 00:00:00', 11427.00),
(150, 20, 'Debit Card', 'success', '2023-08-05 00:00:00', 12315.00),
(151, 274, 'UPI', 'success', '2024-03-22 00:00:00', 19189.00),
(152, 283, 'Net Banking', 'success', '2023-04-27 00:00:00', 29260.00),
(153, 402, 'Credit Card', 'success', '2023-01-02 00:00:00', 19096.00),
(154, 339, 'Debit Card', 'success', '2023-05-19 00:00:00', 10536.00),
(155, 56, 'Net Banking', 'success', '2023-08-30 00:00:00', 30588.00),
(156, 261, 'Debit Card', 'success', '2023-06-09 00:00:00', 8286.00),
(157, 106, 'UPI', 'failed', '2023-06-15 00:00:00', 0.00),
(158, 322, 'UPI', 'success', '2023-03-26 00:00:00', 42640.00),
(159, 65, 'Net Banking', 'success', '2023-05-03 00:00:00', 47653.00),
(160, 361, 'Debit Card', 'success', '2023-10-06 00:00:00', 13473.00),
(161, 221, 'Credit Card', 'success', '2024-04-04 00:00:00', 27943.00),
(162, 173, 'Debit Card', 'success', '2023-12-20 00:00:00', 40062.00),
(163, 115, 'Debit Card', 'success', '2024-05-23 00:00:00', 3931.00),
(164, 142, 'Credit Card', 'success', '2023-05-09 00:00:00', 14933.00),
(165, 275, 'Debit Card', 'success', '2024-05-17 00:00:00', 31757.00),
(166, 120, 'UPI', 'success', '2023-11-13 00:00:00', 27993.00),
(167, 215, 'Net Banking', 'refunded', '2023-08-12 00:00:00', 19614.00),
(168, 43, 'Debit Card', 'success', '2023-11-18 00:00:00', 3607.00),
(169, 308, 'UPI', 'success', '2023-06-27 00:00:00', 18564.00),
(170, 192, 'Debit Card', 'success', '2024-03-11 00:00:00', 20024.00),
(171, 363, 'Wallet', 'success', '2023-09-25 00:00:00', 34218.00),
(172, 311, 'Debit Card', 'success', '2023-08-01 00:00:00', 35659.00),
(173, 128, 'Wallet', 'refunded', '2024-04-22 00:00:00', 5195.00),
(174, 280, 'Credit Card', 'success', '2023-06-17 00:00:00', 12982.00),
(175, 364, 'Debit Card', 'success', '2023-12-30 00:00:00', 33436.00),
(176, 89, 'Credit Card', 'success', '2023-12-29 00:00:00', 35084.00),
(177, 59, 'UPI', 'success', '2024-06-11 00:00:00', 3562.00),
(178, 176, 'Credit Card', 'success', '2024-05-31 00:00:00', 41120.00),
(179, 56, 'UPI', 'success', '2024-01-02 00:00:00', 36644.00),
(180, 410, 'Net Banking', 'success', '2023-07-14 00:00:00', 39963.00),
(181, 64, 'Net Banking', 'success', '2024-06-17 00:00:00', 30325.00),
(182, 276, 'Debit Card', 'success', '2023-05-01 00:00:00', 9622.00),
(183, 291, 'Credit Card', 'success', '2023-03-28 00:00:00', 29867.00),
(184, 89, 'Credit Card', 'success', '2023-06-23 00:00:00', 2404.00),
(185, 132, 'Debit Card', 'success', '2023-01-07 00:00:00', 31231.00),
(186, 139, 'UPI', 'success', '2023-08-13 00:00:00', 3504.00),
(187, 198, 'Credit Card', 'success', '2023-04-02 00:00:00', 27471.00),
(188, 206, 'Debit Card', 'success', '2024-06-03 00:00:00', 8697.00),
(189, 151, 'UPI', 'success', '2024-05-30 00:00:00', 28230.00),
(190, 268, 'UPI', 'success', '2023-06-26 00:00:00', 42111.00),
(191, 79, 'UPI', 'success', '2023-02-19 00:00:00', 7372.00),
(192, 315, 'Credit Card', 'success', '2023-02-16 00:00:00', 25576.00),
(193, 204, 'Credit Card', 'success', '2024-06-27 00:00:00', 38228.00),
(194, 58, 'Debit Card', 'success', '2023-12-09 00:00:00', 26827.00),
(195, 142, 'Debit Card', 'success', '2023-07-18 00:00:00', 47133.00),
(196, 22, 'UPI', 'failed', '2023-09-26 00:00:00', 0.00),
(197, 303, 'Credit Card', 'success', '2023-09-18 00:00:00', 47669.00),
(198, 74, 'Credit Card', 'success', '2023-03-16 00:00:00', 17265.00),
(199, 104, 'Debit Card', 'success', '2023-01-06 00:00:00', 12377.00),
(200, 207, 'Debit Card', 'success', '2023-10-25 00:00:00', 15332.00),
(201, 358, 'Debit Card', 'success', '2023-05-20 00:00:00', 25602.00),
(202, 380, 'UPI', 'success', '2023-08-16 00:00:00', 39416.00),
(203, 254, 'Debit Card', 'success', '2023-12-22 00:00:00', 45090.00),
(204, 138, 'Credit Card', 'success', '2024-04-11 00:00:00', 35386.00),
(205, 21, 'Credit Card', 'success', '2024-01-28 00:00:00', 5499.00),
(206, 126, 'UPI', 'success', '2023-04-09 00:00:00', 14678.00),
(207, 377, 'Debit Card', 'success', '2023-11-17 00:00:00', 1477.00),
(208, 244, 'Debit Card', 'success', '2024-03-23 00:00:00', 30561.00),
(209, 249, 'Wallet', 'success', '2024-05-21 00:00:00', 34133.00),
(210, 44, 'Debit Card', 'failed', '2024-04-24 00:00:00', 0.00),
(211, 235, 'UPI', 'success', '2023-03-26 00:00:00', 22685.00),
(212, 241, 'Wallet', 'success', '2023-12-07 00:00:00', 23635.00),
(213, 103, 'UPI', 'success', '2023-12-26 00:00:00', 19499.00),
(214, 107, 'Credit Card', 'success', '2024-05-08 00:00:00', 26548.00),
(215, 100, 'Credit Card', 'success', '2024-06-14 00:00:00', 44076.00),
(216, 352, 'Credit Card', 'success', '2023-05-17 00:00:00', 15207.00),
(217, 351, 'Wallet', 'success', '2023-07-25 00:00:00', 47893.00),
(218, 331, 'Debit Card', 'success', '2024-02-21 00:00:00', 43551.00),
(219, 145, 'UPI', 'success', '2023-12-29 00:00:00', 37019.00),
(220, 22, 'Debit Card', 'success', '2024-01-03 00:00:00', 15823.00),
(221, 259, 'Credit Card', 'success', '2023-01-17 00:00:00', 37659.00),
(222, 318, 'Debit Card', 'success', '2023-05-07 00:00:00', 14498.00),
(223, 37, 'UPI', 'failed', '2023-09-17 00:00:00', 0.00),
(224, 314, 'Credit Card', 'refunded', '2023-04-23 00:00:00', 3020.00),
(225, 340, 'Net Banking', 'success', '2023-10-27 00:00:00', 49771.00),
(226, 404, 'Credit Card', 'success', '2024-02-24 00:00:00', 22074.00),
(227, 291, 'Credit Card', 'success', '2023-10-30 00:00:00', 9106.00),
(228, 153, 'Credit Card', 'success', '2023-03-21 00:00:00', 13110.00),
(229, 310, 'Net Banking', 'success', '2024-02-01 00:00:00', 41759.00),
(230, 155, 'Debit Card', 'success', '2023-02-02 00:00:00', 42545.00),
(231, 356, 'UPI', 'success', '2023-02-08 00:00:00', 35091.00),
(232, 20, 'Debit Card', 'success', '2024-05-16 00:00:00', 15003.00),
(233, 226, 'Credit Card', 'success', '2024-06-13 00:00:00', 29802.00),
(234, 255, 'Wallet', 'success', '2023-02-26 00:00:00', 18248.00),
(235, 240, 'Debit Card', 'refunded', '2023-02-05 00:00:00', 17386.00),
(236, 201, 'UPI', 'success', '2023-12-17 00:00:00', 24025.00),
(237, 62, 'UPI', 'success', '2023-03-22 00:00:00', 34177.00),
(238, 233, 'UPI', 'success', '2024-03-26 00:00:00', 45006.00),
(239, 272, 'Credit Card', 'success', '2024-04-25 00:00:00', 1785.00),
(240, 25, 'UPI', 'success', '2023-06-01 00:00:00', 25230.00),
(241, 229, 'UPI', 'success', '2024-04-25 00:00:00', 44611.00),
(242, 84, 'Wallet', 'success', '2023-10-24 00:00:00', 43573.00),
(243, 81, 'UPI', 'success', '2024-01-11 00:00:00', 39188.00),
(244, 91, 'Credit Card', 'success', '2024-06-22 00:00:00', 41182.00),
(245, 111, 'Credit Card', 'success', '2024-04-01 00:00:00', 3110.00),
(246, 381, 'UPI', 'refunded', '2023-02-01 00:00:00', 17809.00),
(247, 171, 'Wallet', 'success', '2023-05-04 00:00:00', 10226.00),
(248, 111, 'Net Banking', 'success', '2023-11-04 00:00:00', 24474.00),
(249, 24, 'Credit Card', 'success', '2023-04-14 00:00:00', 27595.00),
(250, 65, 'Debit Card', 'success', '2023-02-20 00:00:00', 29709.00),
(251, 229, 'Debit Card', 'success', '2023-10-28 00:00:00', 39551.00),
(252, 251, 'Debit Card', 'refunded', '2023-10-25 00:00:00', 15611.00),
(253, 166, 'Credit Card', 'success', '2023-02-14 00:00:00', 27447.00),
(254, 318, 'Net Banking', 'success', '2023-02-13 00:00:00', 14750.00),
(255, 224, 'Net Banking', 'success', '2023-02-23 00:00:00', 29718.00),
(256, 309, 'Net Banking', 'success', '2023-11-25 00:00:00', 15379.00),
(257, 331, 'UPI', 'success', '2023-11-10 00:00:00', 18583.00),
(258, 240, 'Net Banking', 'success', '2024-04-05 00:00:00', 16936.00),
(259, 22, 'UPI', 'success', '2024-02-29 00:00:00', 47605.00),
(260, 328, 'Wallet', 'success', '2023-08-12 00:00:00', 11792.00),
(261, 172, 'UPI', 'failed', '2024-02-06 00:00:00', 0.00),
(262, 353, 'Debit Card', 'success', '2024-06-30 00:00:00', 16725.00),
(263, 18, 'Net Banking', 'success', '2023-05-16 00:00:00', 6800.00),
(264, 351, 'Wallet', 'success', '2023-08-15 00:00:00', 12093.00),
(265, 377, 'Credit Card', 'success', '2023-04-14 00:00:00', 28946.00),
(266, 87, 'UPI', 'failed', '2023-01-15 00:00:00', 0.00),
(267, 249, 'UPI', 'success', '2023-02-20 00:00:00', 30195.00),
(268, 96, 'Debit Card', 'success', '2023-03-22 00:00:00', 11537.00),
(269, 191, 'UPI', 'success', '2023-03-07 00:00:00', 6811.00),
(270, 278, 'Wallet', 'success', '2023-11-18 00:00:00', 9757.00),
(271, 230, 'Credit Card', 'success', '2023-06-25 00:00:00', 31814.00),
(272, 176, 'Debit Card', 'refunded', '2023-07-05 00:00:00', 16370.00),
(273, 89, 'Debit Card', 'success', '2023-10-23 00:00:00', 32506.00),
(274, 412, 'UPI', 'success', '2024-03-01 00:00:00', 42548.00),
(275, 22, 'Credit Card', 'success', '2023-05-28 00:00:00', 8766.00),
(276, 258, 'Credit Card', 'refunded', '2023-02-04 00:00:00', 5257.00),
(277, 204, 'Net Banking', 'success', '2023-09-24 00:00:00', 38436.00),
(278, 295, 'Net Banking', 'success', '2024-01-31 00:00:00', 38885.00),
(279, 188, 'Debit Card', 'success', '2024-06-07 00:00:00', 14214.00),
(280, 309, 'Credit Card', 'success', '2024-05-06 00:00:00', 15402.00),
(281, 42, 'UPI', 'success', '2023-12-25 00:00:00', 5861.00),
(282, 400, 'Credit Card', 'success', '2023-05-05 00:00:00', 12256.00),
(283, 132, 'Debit Card', 'success', '2023-04-05 00:00:00', 18858.00),
(284, 175, 'Credit Card', 'success', '2024-04-22 00:00:00', 4831.00),
(285, 251, 'UPI', 'success', '2024-05-11 00:00:00', 33579.00),
(286, 72, 'Debit Card', 'success', '2024-03-23 00:00:00', 6284.00),
(287, 361, 'Credit Card', 'success', '2024-01-19 00:00:00', 23013.00),
(288, 337, 'Credit Card', 'success', '2023-03-11 00:00:00', 7032.00),
(289, 291, 'Debit Card', 'success', '2023-10-24 00:00:00', 12711.00),
(290, 192, 'UPI', 'success', '2023-11-06 00:00:00', 29659.00),
(291, 297, 'Net Banking', 'success', '2023-10-26 00:00:00', 14151.00),
(292, 303, 'Credit Card', 'refunded', '2023-07-31 00:00:00', 5289.00),
(293, 260, 'Credit Card', 'success', '2023-09-15 00:00:00', 31616.00),
(294, 276, 'Debit Card', 'success', '2023-11-12 00:00:00', 49744.00),
(295, 356, 'Net Banking', 'success', '2024-06-10 00:00:00', 34138.00),
(296, 406, 'Debit Card', 'success', '2024-02-09 00:00:00', 45920.00),
(297, 318, 'Debit Card', 'success', '2023-08-29 00:00:00', 35801.00),
(298, 366, 'Credit Card', 'success', '2023-09-04 00:00:00', 32169.00),
(299, 239, 'Credit Card', 'success', '2023-12-11 00:00:00', 3899.00),
(300, 340, 'UPI', 'success', '2024-06-27 00:00:00', 742.00),
(301, 414, 'Net Banking', 'success', '2024-05-02 00:00:00', 16546.00),
(302, 168, 'Debit Card', 'failed', '2023-09-23 00:00:00', 0.00),
(303, 157, 'UPI', 'success', '2023-03-08 00:00:00', 14170.00),
(304, 242, 'Credit Card', 'success', '2024-05-29 00:00:00', 38624.00),
(305, 154, 'Credit Card', 'success', '2023-07-18 00:00:00', 43686.00),
(306, 389, 'Debit Card', 'success', '2024-02-12 00:00:00', 29352.00),
(307, 84, 'Credit Card', 'success', '2023-04-27 00:00:00', 31845.00),
(308, 227, 'Credit Card', 'success', '2023-09-16 00:00:00', 21436.00),
(309, 249, 'Credit Card', 'success', '2023-07-08 00:00:00', 32405.00),
(310, 356, 'Debit Card', 'success', '2023-06-05 00:00:00', 28110.00),
(311, 219, 'UPI', 'success', '2023-08-31 00:00:00', 7985.00),
(312, 65, 'Credit Card', 'success', '2023-01-19 00:00:00', 2534.00),
(313, 39, 'UPI', 'success', '2024-02-05 00:00:00', 36774.00),
(314, 164, 'Credit Card', 'success', '2023-11-25 00:00:00', 31467.00),
(315, 377, 'Debit Card', 'success', '2023-08-13 00:00:00', 29738.00),
(316, 282, 'Debit Card', 'success', '2023-02-21 00:00:00', 22148.00),
(317, 165, 'Net Banking', 'success', '2024-02-29 00:00:00', 9523.00),
(318, 262, 'Credit Card', 'success', '2023-08-16 00:00:00', 33708.00),
(319, 78, 'Credit Card', 'success', '2023-07-21 00:00:00', 49780.00),
(320, 185, 'Credit Card', 'success', '2023-09-24 00:00:00', 5559.00),
(321, 223, 'UPI', 'success', '2023-02-09 00:00:00', 6528.00),
(322, 187, 'Net Banking', 'failed', '2023-04-24 00:00:00', 0.00),
(323, 177, 'Wallet', 'success', '2023-08-22 00:00:00', 18506.00),
(324, 90, 'Wallet', 'success', '2023-03-04 00:00:00', 42824.00),
(325, 396, 'UPI', 'success', '2023-01-19 00:00:00', 13517.00),
(326, 196, 'Debit Card', 'success', '2023-10-07 00:00:00', 41431.00),
(327, 236, 'Net Banking', 'success', '2023-04-19 00:00:00', 42413.00),
(328, 404, 'Credit Card', 'failed', '2023-12-22 00:00:00', 0.00),
(329, 268, 'Credit Card', 'refunded', '2024-01-17 00:00:00', 2655.00),
(330, 168, 'Wallet', 'success', '2023-10-27 00:00:00', 29165.00),
(331, 94, 'Credit Card', 'success', '2023-09-24 00:00:00', 4852.00),
(332, 284, 'UPI', 'success', '2023-08-07 00:00:00', 30119.00),
(333, 190, 'Wallet', 'success', '2023-11-26 00:00:00', 27246.00),
(334, 353, 'Debit Card', 'success', '2023-03-14 00:00:00', 5496.00),
(335, 19, 'Wallet', 'success', '2024-03-18 00:00:00', 19366.00),
(336, 50, 'Credit Card', 'refunded', '2024-04-04 00:00:00', 8027.00),
(337, 284, 'Credit Card', 'success', '2024-02-24 00:00:00', 18125.00),
(338, 407, 'Credit Card', 'success', '2023-08-25 00:00:00', 48144.00),
(339, 187, 'UPI', 'success', '2023-06-12 00:00:00', 2858.00),
(340, 78, 'Net Banking', 'success', '2024-04-30 00:00:00', 31080.00),
(341, 266, 'Net Banking', 'refunded', '2024-03-01 00:00:00', 17228.00),
(342, 289, 'Credit Card', 'success', '2023-05-31 00:00:00', 33714.00),
(343, 196, 'Credit Card', 'success', '2024-03-09 00:00:00', 26099.00),
(344, 196, 'Net Banking', 'failed', '2024-05-28 00:00:00', 0.00),
(345, 309, 'Credit Card', 'success', '2024-02-24 00:00:00', 7400.00),
(346, 317, 'Credit Card', 'success', '2024-04-17 00:00:00', 23678.00),
(347, 168, 'UPI', 'success', '2023-11-03 00:00:00', 40786.00),
(348, 285, 'Net Banking', 'success', '2023-02-17 00:00:00', 4388.00),
(349, 193, 'UPI', 'success', '2023-08-31 00:00:00', 26008.00),
(350, 366, 'UPI', 'success', '2023-10-19 00:00:00', 19363.00),
(351, 279, 'Debit Card', 'refunded', '2023-11-01 00:00:00', 15849.00),
(352, 301, 'Credit Card', 'success', '2024-05-08 00:00:00', 2635.00),
(353, 397, 'Net Banking', 'success', '2023-04-02 00:00:00', 35876.00),
(354, 355, 'Debit Card', 'success', '2023-06-24 00:00:00', 5328.00),
(355, 406, 'Credit Card', 'success', '2024-04-09 00:00:00', 12216.00),
(356, 134, 'UPI', 'success', '2024-05-02 00:00:00', 48416.00),
(357, 61, 'UPI', 'refunded', '2023-08-06 00:00:00', 5054.00),
(358, 121, 'Wallet', 'success', '2023-12-17 00:00:00', 42999.00),
(359, 80, 'Wallet', 'refunded', '2023-08-18 00:00:00', 19306.00),
(360, 306, 'Credit Card', 'success', '2023-05-13 00:00:00', 17446.00),
(361, 96, 'Wallet', 'success', '2023-11-30 00:00:00', 1206.00),
(362, 324, 'Debit Card', 'success', '2024-01-26 00:00:00', 7067.00),
(363, 56, 'Debit Card', 'success', '2024-01-01 00:00:00', 34253.00),
(364, 351, 'Wallet', 'success', '2023-11-25 00:00:00', 42037.00),
(365, 66, 'Credit Card', 'success', '2023-04-20 00:00:00', 13698.00),
(366, 232, 'UPI', 'success', '2024-06-08 00:00:00', 44723.00),
(367, 149, 'Net Banking', 'success', '2024-06-08 00:00:00', 24141.00),
(368, 164, 'UPI', 'refunded', '2024-04-30 00:00:00', 6647.00),
(369, 343, 'UPI', 'success', '2023-03-03 00:00:00', 43985.00),
(370, 253, 'UPI', 'success', '2024-01-13 00:00:00', 10501.00),
(371, 243, 'Net Banking', 'success', '2023-09-20 00:00:00', 23362.00),
(372, 105, 'UPI', 'success', '2023-08-30 00:00:00', 38383.00),
(373, 125, 'Debit Card', 'failed', '2024-03-26 00:00:00', 0.00),
(374, 185, 'Net Banking', 'success', '2023-05-07 00:00:00', 29254.00),
(375, 355, 'UPI', 'success', '2024-01-21 00:00:00', 9365.00),
(376, 293, 'Debit Card', 'success', '2023-10-03 00:00:00', 47600.00),
(377, 70, 'UPI', 'success', '2023-01-03 00:00:00', 36337.00),
(378, 79, 'Credit Card', 'success', '2023-01-31 00:00:00', 30561.00),
(379, 393, 'Debit Card', 'success', '2023-09-20 00:00:00', 27722.00),
(380, 124, 'UPI', 'success', '2024-02-13 00:00:00', 35122.00),
(381, 251, 'Wallet', 'success', '2023-04-20 00:00:00', 5115.00),
(382, 263, 'Credit Card', 'success', '2024-05-21 00:00:00', 16996.00),
(383, 337, 'Debit Card', 'success', '2023-12-22 00:00:00', 9960.00),
(384, 32, 'Credit Card', 'success', '2023-02-08 00:00:00', 29016.00),
(385, 128, 'Debit Card', 'success', '2024-03-01 00:00:00', 19913.00),
(386, 311, 'Credit Card', 'success', '2023-06-12 00:00:00', 3051.00),
(387, 289, 'Wallet', 'success', '2023-03-10 00:00:00', 44032.00),
(388, 73, 'Credit Card', 'success', '2023-07-04 00:00:00', 32179.00),
(389, 51, 'Debit Card', 'success', '2023-12-12 00:00:00', 19247.00),
(390, 353, 'Credit Card', 'failed', '2023-11-02 00:00:00', 0.00),
(391, 203, 'Credit Card', 'refunded', '2023-06-14 00:00:00', 16071.00),
(392, 302, 'Credit Card', 'success', '2023-04-14 00:00:00', 9252.00),
(393, 362, 'UPI', 'success', '2024-01-05 00:00:00', 23465.00),
(394, 91, 'UPI', 'refunded', '2024-06-20 00:00:00', 18524.00),
(395, 329, 'Debit Card', 'success', '2023-06-17 00:00:00', 845.00),
(396, 374, 'UPI', 'success', '2024-01-17 00:00:00', 19728.00),
(397, 41, 'UPI', 'success', '2023-05-29 00:00:00', 15854.00),
(398, 252, 'Credit Card', 'success', '2024-02-22 00:00:00', 43423.00),
(399, 403, 'Debit Card', 'success', '2023-11-17 00:00:00', 46065.00),
(400, 281, 'Debit Card', 'success', '2024-01-16 00:00:00', 1076.00);

-- --------------------------------------------------------

--
-- Table structure for table `products`
--

CREATE TABLE `products` (
  `product_id` bigint(20) NOT NULL,
  `product_name` varchar(255) NOT NULL,
  `category_id` int(11) DEFAULT NULL,
  `cost_price` decimal(10,2) NOT NULL,
  `selling_price` decimal(10,2) NOT NULL,
  `margin_percentage` decimal(5,2) NOT NULL,
  `is_active` tinyint(1) DEFAULT 1
) ENGINE=InnoDB DEFAULT CHARSET=utf8mb4 COLLATE=utf8mb4_general_ci;

--
-- Dumping data for table `products`
--

INSERT INTO `products` (`product_id`, `product_name`, `category_id`, `cost_price`, `selling_price`, `margin_percentage`, `is_active`) VALUES
(1, 'Smartphone A', 1, 12000.00, 18000.00, 33.33, 1),
(2, 'Laptop B', 1, 35000.00, 50000.00, 30.00, 1),
(3, 'Headphones', 1, 800.00, 1500.00, 46.67, 1),
(4, 'Men T-Shirt', 2, 300.00, 800.00, 62.50, 1),
(5, 'Women Dress', 2, 700.00, 2000.00, 65.00, 1),
(6, 'Mixer Grinder', 3, 1500.00, 3000.00, 50.00, 1),
(7, 'Cookware Set', 3, 1200.00, 2500.00, 52.00, 1),
(8, 'Fiction Book', 4, 150.00, 500.00, 70.00, 1),
(9, 'Notebook Pack', 4, 80.00, 300.00, 73.33, 1),
(10, 'Face Cream', 5, 200.00, 600.00, 66.67, 1),
(11, 'Perfume', 5, 600.00, 1800.00, 66.67, 1),
(12, 'Yoga Mat', 6, 400.00, 1000.00, 60.00, 1),
(13, 'Tablet X', 1, 15000.00, 22000.00, 31.82, 1),
(14, 'Smartwatch Pro', 1, 5000.00, 9000.00, 44.44, 1),
(15, 'Bluetooth Speaker', 1, 1200.00, 3000.00, 60.00, 1),
(16, 'Women Handbag', 2, 900.00, 2500.00, 64.00, 1),
(17, 'Men Jeans', 2, 800.00, 2200.00, 63.64, 1),
(18, 'Jacket', 2, 1200.00, 3500.00, 65.71, 1),
(19, 'Air Fryer', 3, 2500.00, 6000.00, 58.33, 1),
(20, 'Bedsheet Set', 3, 600.00, 1800.00, 66.67, 1),
(21, 'Wall Clock', 3, 400.00, 1200.00, 66.67, 1),
(22, 'Self Help Book', 4, 200.00, 650.00, 69.23, 1),
(23, 'Exam Prep Guide', 4, 300.00, 900.00, 66.67, 1),
(24, 'Children Story Book', 4, 120.00, 400.00, 70.00, 1),
(25, 'Lipstick Set', 5, 250.00, 900.00, 72.22, 1),
(26, 'Hair Serum', 5, 180.00, 700.00, 74.29, 1),
(27, 'Body Lotion', 5, 220.00, 750.00, 70.67, 1),
(28, 'Dumbbell Set', 6, 1200.00, 3500.00, 65.71, 1),
(29, 'Cricket Bat', 6, 1500.00, 4500.00, 66.67, 1),
(30, 'Football', 6, 400.00, 1200.00, 66.67, 1),
(31, 'Running Shoes', 7, 1500.00, 4000.00, 62.50, 1),
(32, 'Formal Shoes', 7, 1800.00, 5000.00, 64.00, 1),
(33, 'Casual Sneakers', 7, 1300.00, 3800.00, 65.79, 1),
(34, 'Women Sandals', 7, 700.00, 2200.00, 68.18, 1),
(35, 'Face Wash', 8, 120.00, 450.00, 73.33, 1),
(36, 'Sunscreen SPF50', 8, 200.00, 650.00, 69.23, 1),
(37, 'Moisturizer Cream', 8, 250.00, 800.00, 68.75, 1),
(38, 'Vitamin C Serum', 8, 300.00, 950.00, 68.42, 1),
(39, 'LED Wall Light', 9, 600.00, 1800.00, 66.67, 1),
(40, 'Table Lamp', 9, 500.00, 1500.00, 66.67, 1),
(41, 'Flower Vase', 9, 250.00, 900.00, 72.22, 1),
(42, 'Green Tea Pack', 10, 120.00, 400.00, 70.00, 1),
(43, 'Protein Shake', 10, 600.00, 1800.00, 66.67, 1),
(44, 'Cold Coffee Bottle', 10, 40.00, 120.00, 66.67, 1);

-- --------------------------------------------------------

--
-- Table structure for table `regions`
--

CREATE TABLE `regions` (
  `region_id` int(11) NOT NULL,
  `country` varchar(100) DEFAULT NULL,
  `state` varchar(100) DEFAULT NULL,
  `city` varchar(100) DEFAULT NULL
) ENGINE=InnoDB DEFAULT CHARSET=utf8mb4 COLLATE=utf8mb4_general_ci;

--
-- Dumping data for table `regions`
--

INSERT INTO `regions` (`region_id`, `country`, `state`, `city`) VALUES
(1, 'India', 'Maharashtra', 'Mumbai'),
(2, 'India', 'Delhi', 'New Delhi'),
(3, 'India', 'Karnataka', 'Bangalore'),
(4, 'India', 'Gujarat', 'Ahmedabad'),
(5, 'India', 'Tamil Nadu', 'Chennai'),
(6, 'India', 'Maharashtra', 'Pune'),
(7, 'India', 'Madhya Pradesh', 'Indore'),
(8, 'India', 'Bihar', 'Patna');

-- --------------------------------------------------------

--
-- Table structure for table `returns`
--

CREATE TABLE `returns` (
  `return_id` bigint(20) NOT NULL,
  `order_item_id` bigint(20) NOT NULL,
  `return_date` datetime DEFAULT NULL,
  `return_reason` varchar(255) DEFAULT NULL,
  `refund_amount` decimal(12,2) DEFAULT NULL
) ENGINE=InnoDB DEFAULT CHARSET=utf8mb4 COLLATE=utf8mb4_general_ci;

--
-- Dumping data for table `returns`
--

INSERT INTO `returns` (`return_id`, `order_item_id`, `return_date`, `return_reason`, `refund_amount`) VALUES
(1, 1121, '2023-11-06 00:00:00', 'Late delivery', 6000.00),
(2, 248, '2024-01-19 00:00:00', 'Quality not as expected', 4400.00),
(3, 382, '2024-04-25 00:00:00', 'Wrong product delivered', 4400.00),
(4, 1242, '2023-08-25 00:00:00', 'Changed mind', 2500.00),
(5, 451, '2023-08-12 00:00:00', 'Changed mind', 4537.00),
(6, 431, '2024-06-11 00:00:00', 'Quality not as expected', 800.00),
(7, 1458, '2024-03-06 00:00:00', 'Changed mind', 4109.00),
(8, 1017, '2024-07-02 00:00:00', 'Size issue', 7500.00),
(9, 445, '2024-02-07 00:00:00', 'Size issue', 3000.00),
(10, 339, '2024-03-04 00:00:00', 'Changed mind', 1500.00),
(11, 203, '2024-03-15 00:00:00', 'Quality not as expected', 2500.00),
(12, 444, '2024-03-31 00:00:00', 'Damaged item', 900.00),
(13, 58, '2023-10-01 00:00:00', 'Quality not as expected', 2200.00),
(14, 959, '2024-01-12 00:00:00', 'Changed mind', 10675.00),
(15, 1149, '2023-11-18 00:00:00', 'Quality not as expected', 3466.00),
(16, 1454, '2024-06-06 00:00:00', 'Wrong product delivered', 6000.00),
(17, 615, '2023-11-24 00:00:00', 'Wrong product delivered', 445.00),
(18, 255, '2024-04-12 00:00:00', 'Damaged item', 900.00),
(19, 454, '2023-10-19 00:00:00', 'Changed mind', 900.00),
(20, 1144, '2024-06-01 00:00:00', 'Wrong product delivered', 2000.00),
(21, 1036, '2024-06-06 00:00:00', 'Late delivery', 6000.00),
(22, 388, '2024-04-22 00:00:00', 'Quality not as expected', 750.00),
(23, 96, '2024-03-09 00:00:00', 'Changed mind', 800.00),
(24, 1368, '2024-05-04 00:00:00', 'Quality not as expected', 3500.00),
(25, 851, '2024-01-15 00:00:00', 'Quality not as expected', 2669.00),
(26, 860, '2024-06-06 00:00:00', 'Changed mind', 500.00),
(27, 1122, '2024-03-04 00:00:00', 'Size issue', 1200.00),
(28, 1108, '2023-11-18 00:00:00', 'Changed mind', 4500.00),
(29, 915, '2024-05-25 00:00:00', 'Wrong product delivered', 6000.00),
(30, 235, '2023-12-15 00:00:00', 'Quality not as expected', 1800.00),
(31, 1333, '2024-06-11 00:00:00', 'Size issue', 3000.00),
(32, 794, '2024-05-11 00:00:00', 'Quality not as expected', 900.00),
(33, 1042, '2024-04-14 00:00:00', 'Changed mind', 590.00),
(34, 740, '2024-05-04 00:00:00', 'Size issue', 2000.00),
(35, 834, '2024-03-18 00:00:00', 'Quality not as expected', 3800.00),
(36, 714, '2024-01-24 00:00:00', 'Changed mind', 2200.00),
(37, 1340, '2024-06-06 00:00:00', 'Size issue', 900.00),
(38, 1236, '2024-02-23 00:00:00', 'Quality not as expected', 3600.00),
(39, 718, '2023-08-29 00:00:00', 'Changed mind', 900.00),
(40, 448, '2024-05-05 00:00:00', 'Changed mind', 2542.00),
(41, 75, '2024-05-08 00:00:00', 'Quality not as expected', 800.00),
(42, 1023, '2024-04-17 00:00:00', 'Damaged item', 2400.00),
(43, 493, '2023-09-27 00:00:00', 'Wrong product delivered', 1200.00),
(44, 954, '2024-03-02 00:00:00', 'Damaged item', 3600.00),
(45, 397, '2024-03-01 00:00:00', 'Quality not as expected', 3000.00),
(46, 1337, '2024-03-27 00:00:00', 'Damaged item', 450.00),
(47, 592, '2024-05-06 00:00:00', 'Late delivery', 1300.00),
(48, 804, '2024-04-22 00:00:00', 'Size issue', 300.00),
(49, 465, '2024-06-02 00:00:00', 'Quality not as expected', 800.00),
(50, 342, '2024-01-19 00:00:00', 'Damaged item', 800.00),
(51, 1258, '2024-06-25 00:00:00', 'Quality not as expected', 300.00),
(52, 537, '2024-05-12 00:00:00', 'Late delivery', 3500.00),
(53, 215, '2024-06-11 00:00:00', 'Size issue', 1200.00),
(54, 54, '2024-01-19 00:00:00', 'Late delivery', 1600.00),
(55, 149, '2023-11-25 00:00:00', 'Quality not as expected', 1200.00),
(56, 1019, '2024-04-30 00:00:00', 'Damaged item', 1800.00),
(57, 697, '2023-04-12 00:00:00', 'Changed mind', 400.00),
(58, 172, '2023-11-14 00:00:00', 'Size issue', 3677.00),
(59, 1482, '2024-02-12 00:00:00', 'Changed mind', 3000.00),
(60, 21, '2024-05-26 00:00:00', 'Size issue', 13682.00);

-- --------------------------------------------------------

--
-- Stand-in structure for view `rfm_final`
-- (See below for the actual view)
--
CREATE TABLE `rfm_final` (
`customer_id` bigint(20)
,`recency_days` int(7)
,`frequency` bigint(21)
,`monetary` decimal(34,2)
,`r_score` bigint(21)
,`f_score` bigint(21)
,`m_score` bigint(21)
,`rfm_total_score` bigint(23)
);

-- --------------------------------------------------------

--
-- Stand-in structure for view `rfm_scoring`
-- (See below for the actual view)
--
CREATE TABLE `rfm_scoring` (
`customer_id` bigint(20)
,`recency_days` int(7)
,`frequency` bigint(21)
,`monetary` decimal(34,2)
,`r_score` bigint(21)
,`f_score` bigint(21)
,`m_score` bigint(21)
);

-- --------------------------------------------------------

--
-- Stand-in structure for view `rfm_segmented`
-- (See below for the actual view)
--
CREATE TABLE `rfm_segmented` (
`customer_id` bigint(20)
,`recency_days` int(7)
,`frequency` bigint(21)
,`monetary` decimal(34,2)
,`r_score` bigint(21)
,`f_score` bigint(21)
,`m_score` bigint(21)
,`rfm_total_score` bigint(23)
,`segment` varchar(18)
);

-- --------------------------------------------------------

--
-- Structure for view `category_return_impact`
--
DROP TABLE IF EXISTS `category_return_impact`;

CREATE ALGORITHM=UNDEFINED DEFINER=`root`@`localhost` SQL SECURITY DEFINER VIEW `category_return_impact`  AS SELECT `cat`.`category_name` AS `category_name`, count(`r`.`return_id`) AS `total_returns`, count(`oi`.`order_item_id`) AS `total_items`, count(`r`.`return_id`) / count(`oi`.`order_item_id`) AS `return_rate`, sum(`r`.`refund_amount`) AS `total_refund_value` FROM (((`order_items` `oi` join `products` `p` on(`oi`.`product_id` = `p`.`product_id`)) join `categories` `cat` on(`p`.`category_id` = `cat`.`category_id`)) left join `returns` `r` on(`oi`.`order_item_id` = `r`.`order_item_id`)) GROUP BY `cat`.`category_name` ORDER BY count(`r`.`return_id`) / count(`oi`.`order_item_id`) DESC ;

-- --------------------------------------------------------

--
-- Structure for view `channel_profitability`
--
DROP TABLE IF EXISTS `channel_profitability`;

CREATE ALGORITHM=UNDEFINED DEFINER=`root`@`localhost` SQL SECURITY DEFINER VIEW `channel_profitability`  AS SELECT `ac`.`channel_name` AS `channel_name`, count(distinct `c`.`customer_id`) AS `customers`, sum(`o`.`net_amount`) AS `total_revenue`, sum(`oi`.`total_price` - `oi`.`quantity` * `p`.`cost_price`) AS `total_margin`, sum(`o`.`net_amount`) / count(distinct `c`.`customer_id`) AS `revenue_per_customer`, sum(`oi`.`total_price` - `oi`.`quantity` * `p`.`cost_price`) / count(distinct `c`.`customer_id`) AS `margin_per_customer` FROM ((((`customers` `c` join `acquisition_channels` `ac` on(`c`.`acquisition_channel_id` = `ac`.`acquisition_channel_id`)) join `orders` `o` on(`c`.`customer_id` = `o`.`customer_id`)) join `order_items` `oi` on(`o`.`order_id` = `oi`.`order_id`)) join `products` `p` on(`oi`.`product_id` = `p`.`product_id`)) WHERE `o`.`order_status` = 'completed' GROUP BY `ac`.`channel_name` ;

-- --------------------------------------------------------

--
-- Structure for view `churn_base`
--
DROP TABLE IF EXISTS `churn_base`;

CREATE ALGORITHM=UNDEFINED DEFINER=`root`@`localhost` SQL SECURITY DEFINER VIEW `churn_base`  AS SELECT count(case when `customer_360`.`recency_days` > 180 then 1 end) / count(0) AS `churn_rate` FROM `customer_360` ;

-- --------------------------------------------------------

--
-- Structure for view `churn_flagged`
--
DROP TABLE IF EXISTS `churn_flagged`;

CREATE ALGORITHM=UNDEFINED DEFINER=`root`@`localhost` SQL SECURITY DEFINER VIEW `churn_flagged`  AS SELECT `customer_360`.`customer_id` AS `customer_id`, `customer_360`.`total_orders` AS `total_orders`, `customer_360`.`total_revenue` AS `total_revenue`, `customer_360`.`avg_order_value` AS `avg_order_value`, `customer_360`.`total_margin` AS `total_margin`, `customer_360`.`first_purchase_date` AS `first_purchase_date`, `customer_360`.`last_purchase_date` AS `last_purchase_date`, `customer_360`.`recency_days` AS `recency_days`, `customer_360`.`lifespan_months` AS `lifespan_months`, `customer_360`.`total_returns` AS `total_returns`, `customer_360`.`return_rate` AS `return_rate`, `customer_360`.`discount_ratio` AS `discount_ratio`, CASE WHEN `customer_360`.`recency_days` > 180 THEN 1 ELSE 0 END AS `churn_flag` FROM `customer_360` ;

-- --------------------------------------------------------

--
-- Structure for view `clv_margin`
--
DROP TABLE IF EXISTS `clv_margin`;

CREATE ALGORITHM=UNDEFINED DEFINER=`root`@`localhost` SQL SECURITY DEFINER VIEW `clv_margin`  AS SELECT `c`.`customer_id` AS `customer_id`, `c`.`total_margin` AS `total_margin`, `c`.`total_orders` AS `total_orders`, `c`.`total_margin`/ (select `churn_base`.`churn_rate` from `churn_base`) AS `margin_clv` FROM `customer_360` AS `c` ;

-- --------------------------------------------------------

--
-- Structure for view `clv_ranked`
--
DROP TABLE IF EXISTS `clv_ranked`;

CREATE ALGORITHM=UNDEFINED DEFINER=`root`@`localhost` SQL SECURITY DEFINER VIEW `clv_ranked`  AS SELECT `clv_margin`.`customer_id` AS `customer_id`, `clv_margin`.`margin_clv` AS `margin_clv`, ntile(4) over ( order by `clv_margin`.`margin_clv` desc) AS `clv_quartile` FROM `clv_margin` ;

-- --------------------------------------------------------

--
-- Structure for view `clv_revenue`
--
DROP TABLE IF EXISTS `clv_revenue`;

CREATE ALGORITHM=UNDEFINED DEFINER=`root`@`localhost` SQL SECURITY DEFINER VIEW `clv_revenue`  AS SELECT `c`.`customer_id` AS `customer_id`, `c`.`avg_order_value` AS `avg_order_value`, `c`.`total_orders` AS `total_orders`, `c`.`avg_order_value`* `c`.`total_orders` / (select `churn_base`.`churn_rate` from `churn_base`) AS `revenue_clv` FROM `customer_360` AS `c` ;

-- --------------------------------------------------------

--
-- Structure for view `cohort_base`
--
DROP TABLE IF EXISTS `cohort_base`;

CREATE ALGORITHM=UNDEFINED DEFINER=`root`@`localhost` SQL SECURITY DEFINER VIEW `cohort_base`  AS SELECT `c`.`customer_id` AS `customer_id`, date_format(`cu`.`signup_date`,'%Y-%m') AS `signup_cohort`, `c`.`last_purchase_date` AS `last_purchase_date` FROM (`customer_360` `c` join `customers` `cu` on(`c`.`customer_id` = `cu`.`customer_id`)) ;

-- --------------------------------------------------------

--
-- Structure for view `customer_360`
--
DROP TABLE IF EXISTS `customer_360`;

CREATE ALGORITHM=UNDEFINED DEFINER=`root`@`localhost` SQL SECURITY DEFINER VIEW `customer_360`  AS SELECT `c`.`customer_id` AS `customer_id`, count(distinct `o`.`order_id`) AS `total_orders`, sum(`o`.`net_amount`) AS `total_revenue`, avg(`o`.`net_amount`) AS `avg_order_value`, sum(`oi`.`total_price` - `oi`.`quantity` * `p`.`cost_price`) AS `total_margin`, min(`o`.`order_date`) AS `first_purchase_date`, max(`o`.`order_date`) AS `last_purchase_date`, to_days(curdate()) - to_days(max(`o`.`order_date`)) AS `recency_days`, timestampdiff(MONTH,min(`o`.`order_date`),max(`o`.`order_date`)) AS `lifespan_months`, count(distinct `r`.`return_id`) AS `total_returns`, count(`r`.`return_id`) / nullif(count(`oi`.`order_item_id`),0) AS `return_rate`, sum(`o`.`discount_amount`) / nullif(sum(`o`.`gross_amount`),0) AS `discount_ratio` FROM ((((`customers` `c` left join `orders` `o` on(`c`.`customer_id` = `o`.`customer_id` and `o`.`order_status` = 'completed')) left join `order_items` `oi` on(`o`.`order_id` = `oi`.`order_id`)) left join `products` `p` on(`oi`.`product_id` = `p`.`product_id`)) left join `returns` `r` on(`oi`.`order_item_id` = `r`.`order_item_id`)) GROUP BY `c`.`customer_id` ;

-- --------------------------------------------------------

--
-- Structure for view `dim_channel`
--
DROP TABLE IF EXISTS `dim_channel`;

CREATE ALGORITHM=UNDEFINED DEFINER=`root`@`localhost` SQL SECURITY DEFINER VIEW `dim_channel`  AS SELECT `acquisition_channels`.`acquisition_channel_id` AS `acquisition_channel_id`, `acquisition_channels`.`channel_name` AS `channel_name`, `acquisition_channels`.`channel_type` AS `channel_type` FROM `acquisition_channels` ;

-- --------------------------------------------------------

--
-- Structure for view `dim_customer`
--
DROP TABLE IF EXISTS `dim_customer`;

CREATE ALGORITHM=UNDEFINED DEFINER=`root`@`localhost` SQL SECURITY DEFINER VIEW `dim_customer`  AS SELECT `m`.`customer_id` AS `customer_id`, `m`.`segment` AS `segment`, `m`.`value_tier` AS `value_tier`, `cu`.`acquisition_channel_id` AS `acquisition_channel_id`, `cu`.`region_id` AS `region_id` FROM (`master_customer_analytics` `m` join `customers` `cu` on(`m`.`customer_id` = `cu`.`customer_id`)) ;

-- --------------------------------------------------------

--
-- Structure for view `dim_region`
--
DROP TABLE IF EXISTS `dim_region`;

CREATE ALGORITHM=UNDEFINED DEFINER=`root`@`localhost` SQL SECURITY DEFINER VIEW `dim_region`  AS SELECT `regions`.`region_id` AS `region_id`, `regions`.`country` AS `country`, `regions`.`state` AS `state`, `regions`.`city` AS `city` FROM `regions` ;

-- --------------------------------------------------------

--
-- Structure for view `dim_segment`
--
DROP TABLE IF EXISTS `dim_segment`;

CREATE ALGORITHM=UNDEFINED DEFINER=`root`@`localhost` SQL SECURITY DEFINER VIEW `dim_segment`  AS SELECT DISTINCT `master_customer_analytics`.`segment` AS `segment`, `master_customer_analytics`.`value_tier` AS `value_tier` FROM `master_customer_analytics` ;

-- --------------------------------------------------------

--
-- Structure for view `fact_customer_analytics`
--
DROP TABLE IF EXISTS `fact_customer_analytics`;

CREATE ALGORITHM=UNDEFINED DEFINER=`root`@`localhost` SQL SECURITY DEFINER VIEW `fact_customer_analytics`  AS SELECT `master_customer_analytics`.`customer_id` AS `customer_id`, `master_customer_analytics`.`total_orders` AS `total_orders`, `master_customer_analytics`.`total_revenue` AS `total_revenue`, `master_customer_analytics`.`total_margin` AS `total_margin`, `master_customer_analytics`.`margin_clv` AS `margin_clv`, `master_customer_analytics`.`revenue_clv` AS `revenue_clv`, `master_customer_analytics`.`churn_flag` AS `churn_flag`, `master_customer_analytics`.`return_rate` AS `return_rate`, `master_customer_analytics`.`discount_ratio` AS `discount_ratio` FROM `master_customer_analytics` ;

-- --------------------------------------------------------

--
-- Structure for view `master_customer_analytics`
--
DROP TABLE IF EXISTS `master_customer_analytics`;

CREATE ALGORITHM=UNDEFINED DEFINER=`root`@`localhost` SQL SECURITY DEFINER VIEW `master_customer_analytics`  AS SELECT `c`.`customer_id` AS `customer_id`, `ac`.`channel_name` AS `channel_name`, `rgn`.`region_id` AS `region_id`, `c`.`total_orders` AS `total_orders`, `c`.`total_revenue` AS `total_revenue`, `c`.`avg_order_value` AS `avg_order_value`, `c`.`recency_days` AS `recency_days`, `c`.`lifespan_months` AS `lifespan_months`, `c`.`total_margin` AS `total_margin`, `cm`.`margin_clv` AS `margin_clv`, `cr`.`revenue_clv` AS `revenue_clv`, CASE WHEN `c`.`recency_days` > 180 THEN 1 ELSE 0 END AS `churn_flag`, `c`.`return_rate` AS `return_rate`, `c`.`discount_ratio` AS `discount_ratio`, `r`.`segment` AS `segment`, CASE WHEN `crk`.`clv_quartile` = 1 THEN 'High Value' WHEN `crk`.`clv_quartile` = 4 THEN 'Low Value' ELSE 'Mid Value' END AS `value_tier` FROM (((((((`customer_360` `c` left join `clv_margin` `cm` on(`c`.`customer_id` = `cm`.`customer_id`)) left join `clv_revenue` `cr` on(`c`.`customer_id` = `cr`.`customer_id`)) left join `clv_ranked` `crk` on(`c`.`customer_id` = `crk`.`customer_id`)) left join `rfm_segmented` `r` on(`c`.`customer_id` = `r`.`customer_id`)) left join `customers` `cu` on(`c`.`customer_id` = `cu`.`customer_id`)) left join `acquisition_channels` `ac` on(`cu`.`acquisition_channel_id` = `ac`.`acquisition_channel_id`)) left join `regions` `rgn` on(`cu`.`region_id` = `rgn`.`region_id`)) ;

-- --------------------------------------------------------

--
-- Structure for view `rfm_final`
--
DROP TABLE IF EXISTS `rfm_final`;

CREATE ALGORITHM=UNDEFINED DEFINER=`root`@`localhost` SQL SECURITY DEFINER VIEW `rfm_final`  AS SELECT `rfm_scoring`.`customer_id` AS `customer_id`, `rfm_scoring`.`recency_days` AS `recency_days`, `rfm_scoring`.`frequency` AS `frequency`, `rfm_scoring`.`monetary` AS `monetary`, `rfm_scoring`.`r_score` AS `r_score`, `rfm_scoring`.`f_score` AS `f_score`, `rfm_scoring`.`m_score` AS `m_score`, `rfm_scoring`.`r_score`+ `rfm_scoring`.`f_score` + `rfm_scoring`.`m_score` AS `rfm_total_score` FROM `rfm_scoring` ;

-- --------------------------------------------------------

--
-- Structure for view `rfm_scoring`
--
DROP TABLE IF EXISTS `rfm_scoring`;

CREATE ALGORITHM=UNDEFINED DEFINER=`root`@`localhost` SQL SECURITY DEFINER VIEW `rfm_scoring`  AS SELECT `customer_360`.`customer_id` AS `customer_id`, `customer_360`.`recency_days` AS `recency_days`, `customer_360`.`total_orders` AS `frequency`, `customer_360`.`total_revenue` AS `monetary`, ntile(5) over ( order by `customer_360`.`recency_days`) AS `r_score`, ntile(5) over ( order by `customer_360`.`total_orders` desc) AS `f_score`, ntile(5) over ( order by `customer_360`.`total_revenue` desc) AS `m_score` FROM `customer_360` ;

-- --------------------------------------------------------

--
-- Structure for view `rfm_segmented`
--
DROP TABLE IF EXISTS `rfm_segmented`;

CREATE ALGORITHM=UNDEFINED DEFINER=`root`@`localhost` SQL SECURITY DEFINER VIEW `rfm_segmented`  AS SELECT `rfm_final`.`customer_id` AS `customer_id`, `rfm_final`.`recency_days` AS `recency_days`, `rfm_final`.`frequency` AS `frequency`, `rfm_final`.`monetary` AS `monetary`, `rfm_final`.`r_score` AS `r_score`, `rfm_final`.`f_score` AS `f_score`, `rfm_final`.`m_score` AS `m_score`, `rfm_final`.`rfm_total_score` AS `rfm_total_score`, CASE WHEN `rfm_final`.`r_score` >= 4 AND `rfm_final`.`f_score` >= 4 AND `rfm_final`.`m_score` >= 4 THEN 'Champions' WHEN `rfm_final`.`r_score` >= 3 AND `rfm_final`.`f_score` >= 4 THEN 'Loyal Customers' WHEN `rfm_final`.`r_score` >= 3 AND `rfm_final`.`f_score` >= 3 THEN 'Potential Loyalist' WHEN `rfm_final`.`r_score` <= 2 AND `rfm_final`.`f_score` >= 3 THEN 'At Risk' WHEN `rfm_final`.`r_score` <= 2 AND `rfm_final`.`f_score` <= 2 THEN 'Lost' ELSE 'Others' END AS `segment` FROM `rfm_final` ;

--
-- Indexes for dumped tables
--

--
-- Indexes for table `acquisition_channels`
--
ALTER TABLE `acquisition_channels`
  ADD PRIMARY KEY (`acquisition_channel_id`);

--
-- Indexes for table `categories`
--
ALTER TABLE `categories`
  ADD PRIMARY KEY (`category_id`);

--
-- Indexes for table `customers`
--
ALTER TABLE `customers`
  ADD PRIMARY KEY (`customer_id`),
  ADD UNIQUE KEY `email` (`email`),
  ADD KEY `fk_customer_channel` (`acquisition_channel_id`),
  ADD KEY `fk_customer_region` (`region_id`),
  ADD KEY `idx_customer_signup_date` (`signup_date`),
  ADD KEY `idx_customer_email` (`email`);

--
-- Indexes for table `orders`
--
ALTER TABLE `orders`
  ADD PRIMARY KEY (`order_id`),
  ADD KEY `idx_orders_customer` (`customer_id`),
  ADD KEY `idx_orders_date` (`order_date`),
  ADD KEY `idx_orders_status` (`order_status`),
  ADD KEY `idx_orders_payment_status` (`payment_status`);

--
-- Indexes for table `order_items`
--
ALTER TABLE `order_items`
  ADD PRIMARY KEY (`order_item_id`),
  ADD KEY `idx_orderitems_order` (`order_id`),
  ADD KEY `idx_orderitems_product` (`product_id`);

--
-- Indexes for table `payments`
--
ALTER TABLE `payments`
  ADD PRIMARY KEY (`payment_id`),
  ADD KEY `idx_payment_order` (`order_id`),
  ADD KEY `idx_payment_status` (`payment_status`);

--
-- Indexes for table `products`
--
ALTER TABLE `products`
  ADD PRIMARY KEY (`product_id`),
  ADD KEY `idx_product_category` (`category_id`);

--
-- Indexes for table `regions`
--
ALTER TABLE `regions`
  ADD PRIMARY KEY (`region_id`);

--
-- Indexes for table `returns`
--
ALTER TABLE `returns`
  ADD PRIMARY KEY (`return_id`),
  ADD KEY `fk_return_orderitem` (`order_item_id`),
  ADD KEY `idx_returns_date` (`return_date`);

--
-- AUTO_INCREMENT for dumped tables
--

--
-- AUTO_INCREMENT for table `acquisition_channels`
--
ALTER TABLE `acquisition_channels`
  MODIFY `acquisition_channel_id` int(11) NOT NULL AUTO_INCREMENT, AUTO_INCREMENT=7;

--
-- AUTO_INCREMENT for table `categories`
--
ALTER TABLE `categories`
  MODIFY `category_id` int(11) NOT NULL AUTO_INCREMENT, AUTO_INCREMENT=11;

--
-- AUTO_INCREMENT for table `customers`
--
ALTER TABLE `customers`
  MODIFY `customer_id` bigint(20) NOT NULL AUTO_INCREMENT, AUTO_INCREMENT=97;

--
-- AUTO_INCREMENT for table `orders`
--
ALTER TABLE `orders`
  MODIFY `order_id` bigint(20) NOT NULL AUTO_INCREMENT, AUTO_INCREMENT=415;

--
-- AUTO_INCREMENT for table `order_items`
--
ALTER TABLE `order_items`
  MODIFY `order_item_id` bigint(20) NOT NULL AUTO_INCREMENT, AUTO_INCREMENT=1501;

--
-- AUTO_INCREMENT for table `payments`
--
ALTER TABLE `payments`
  MODIFY `payment_id` bigint(20) NOT NULL AUTO_INCREMENT, AUTO_INCREMENT=401;

--
-- AUTO_INCREMENT for table `products`
--
ALTER TABLE `products`
  MODIFY `product_id` bigint(20) NOT NULL AUTO_INCREMENT, AUTO_INCREMENT=45;

--
-- AUTO_INCREMENT for table `regions`
--
ALTER TABLE `regions`
  MODIFY `region_id` int(11) NOT NULL AUTO_INCREMENT, AUTO_INCREMENT=9;

--
-- AUTO_INCREMENT for table `returns`
--
ALTER TABLE `returns`
  MODIFY `return_id` bigint(20) NOT NULL AUTO_INCREMENT, AUTO_INCREMENT=61;

--
-- Constraints for dumped tables
--

--
-- Constraints for table `customers`
--
ALTER TABLE `customers`
  ADD CONSTRAINT `fk_customer_channel` FOREIGN KEY (`acquisition_channel_id`) REFERENCES `acquisition_channels` (`acquisition_channel_id`) ON DELETE SET NULL,
  ADD CONSTRAINT `fk_customer_region` FOREIGN KEY (`region_id`) REFERENCES `regions` (`region_id`) ON DELETE SET NULL;

--
-- Constraints for table `orders`
--
ALTER TABLE `orders`
  ADD CONSTRAINT `fk_order_customer` FOREIGN KEY (`customer_id`) REFERENCES `customers` (`customer_id`) ON DELETE CASCADE;

--
-- Constraints for table `order_items`
--
ALTER TABLE `order_items`
  ADD CONSTRAINT `fk_orderitem_order` FOREIGN KEY (`order_id`) REFERENCES `orders` (`order_id`) ON DELETE CASCADE,
  ADD CONSTRAINT `fk_orderitem_product` FOREIGN KEY (`product_id`) REFERENCES `products` (`product_id`);

--
-- Constraints for table `payments`
--
ALTER TABLE `payments`
  ADD CONSTRAINT `fk_payment_order` FOREIGN KEY (`order_id`) REFERENCES `orders` (`order_id`) ON DELETE CASCADE;

--
-- Constraints for table `products`
--
ALTER TABLE `products`
  ADD CONSTRAINT `fk_product_category` FOREIGN KEY (`category_id`) REFERENCES `categories` (`category_id`) ON DELETE SET NULL;

--
-- Constraints for table `returns`
--
ALTER TABLE `returns`
  ADD CONSTRAINT `fk_return_orderitem` FOREIGN KEY (`order_item_id`) REFERENCES `order_items` (`order_item_id`) ON DELETE CASCADE;
COMMIT;

/*!40101 SET CHARACTER_SET_CLIENT=@OLD_CHARACTER_SET_CLIENT */;
/*!40101 SET CHARACTER_SET_RESULTS=@OLD_CHARACTER_SET_RESULTS */;
/*!40101 SET COLLATION_CONNECTION=@OLD_COLLATION_CONNECTION */;
